Order ID,Date,Product,Category,Customer Name,Region,Quantity,Sales,Cost,Discount,Profit ,Profit Margin,Total Revenue,,,,,,,,,,,,,,,,
ORD00001,22-02-2025,Smartphone,Electronics,Kiran Gupta,North,1,840.73,744.13,5,96.6,0.114900146,3135939.86,,PIVOT TABLES,,,,,,,,,,,,,,
ORD00002,16-09-2025,Water Bottle,Accessories,Sneha Reddy,North,7,344.62,290.22,0,54.4,0.157855029,Total Profit,,,,,,,CUSTOMER PROFITABILITY,,,,,,,,,
ORD00003,18-08-2025,Backpack,Accessories,Sneha Reddy,East,5,2916.4,2875.44,20,40.96,0.014044713,462862.24,,,,,,,,,,,,,,,,
ORD00004,21-04-2025,Laptop,Electronics,Neha Patel,North,3,2292.86,2103.48,10,189.38,0.082595536,Total Order,,DISCOUNT IMPACT ANALYSIS ,,,,Row Labels,Sum of Profit ,,,,,,,,,
ORD00005,23-01-2025,Smartphone,Electronics,Meera Krishnan,North,7,893.73,740.25,10,153.48,0.171729717,1000,,Row Labels,Sum of Profit ,Sum of Discount,,Aarav Sharma,47323.66,,,,,,,,,
ORD00006,05-07-2025,Pen Set,Stationery,Sneha Reddy,South,2,1294.85,1113.04,20,181.81,0.140410086,Average Order Value,,Accessories,86919.99,2230,,East,9038.91,,,,,,,,,
ORD00007,30-04-2025,Smartphone,Electronics,Priya Nair,West,1,893.74,664.65,10,229.09,0.256327344,3135.93986,,Electronics,191834.22,4035,,North,10538.22,,,,,,,,,
ORD00008,01-07-2025,Desk,Furniture,Ananya Iyer,East,8,5362.98,5114.64,10,248.34,0.046306345,Total Quantity:,,Furniture,82076.18,1535,,South,19128.61,,,,,,,,,
ORD00009,25-03-2025,Smartphone,Electronics,Meera Krishnan,West,10,7110,6386.3,20,723.7,0.101786217,5487,,Stationery,102031.85,2190,,West,8617.92,,,,,,,,,
ORD00010,29-01-2025,Desk,Furniture,Ananya Iyer,North,9,2647.36,2046.78,10,600.58,0.226859966,,,Grand Total,462862.24,9990,,Ananya Iyer,37833.33,,,,,,,,,
ORD00011,18-10-2025,Notebook,Stationery,Neha Patel,South,7,2680.17,1925.42,5,754.75,0.281605271,,,,,,,East,9532.39,,,,,,,,,
ORD00012,13-03-2025,Printer,Electronics,Ananya Iyer,East,7,6099.04,6200.88,15,-101.84,-0.01669771,,,CUSTOMER VALUE ANALYSIS,,,,North,4542.59,,,,,,,,,
ORD00013,12-03-2025,Water Bottle,Accessories,Kiran Gupta,West,7,6657.3,6291.88,15,365.42,0.054890121,,,Row Labels,Sum of Sales,Sum of Profit ,,South,14877.52,,,,,,,,,
ORD00014,15-12-2025,Smartphone,Electronics,Arjun Rao,North,1,1106.95,862.49,5,244.46,0.22084105,,,Aarav Sharma,315056.64,47323.66,,West,8880.83,,,,,,,,,
ORD00015,11-10-2025,Pen Set,Stationery,Aarav Sharma,North,7,4682.03,4199.51,15,482.52,0.103057862,,,Ananya Iyer,285826.48,37833.33,,Arjun Rao,41548.92,,,,,,,,,
ORD00016,11-08-2025,Backpack,Accessories,Rahul Verma,West,5,3970.8,3854.55,10,116.25,0.029276216,,,Arjun Rao,333096.97,41548.92,,East,14594.66,,,,,,,,,
ORD00017,24-02-2025,Laptop,Electronics,Vikram Singh,South,5,6017.34,4860.85,5,1156.49,0.192192896,,,Kiran Gupta,360310.51,55594.04,,North,8140.98,,,,,,,,,
ORD00018,29-09-2025,Headphones,Electronics,Aarav Sharma,East,6,5438.92,4589.34,20,849.58,0.156203805,,,Meera Krishnan,325135.46,45138.42,,South,7223.23,,,,,,,,,
ORD00019,07-06-2025,Printer,Electronics,Ananya Iyer,North,1,157.74,120.75,10,36.99,0.23449981,,,Neha Patel,322727.17,51349.27,,West,11590.05,,,,,,,,,
ORD00020,05-02-2025,Office Chair,Furniture,Kiran Gupta,South,10,13196.15,9474.8,0,3721.35,0.282002705,,,Priya Nair,235574.95,36361.75,,Kiran Gupta,55594.04,,,,,,,,,
ORD00021,07-11-2025,Headphones,Electronics,Arjun Rao,South,8,8683.47,7579.04,5,1104.43,0.127187634,,,Rahul Verma,346462.05,61443.92,,East,6891.05,,,,,,,,,
ORD00022,29-11-2025,Backpack,Accessories,Neha Patel,West,4,3645.96,2863.28,15,782.68,0.214670485,,,Sneha Reddy,321524.52,39788.98,,North,15815.94,,,,,,,,,
ORD00023,11-01-2025,Backpack,Accessories,Sneha Reddy,South,8,1110.31,1038.32,5,71.99,0.064837748,,,Vikram Singh,290225.11,46479.95,,South,12339.83,,,,,,,,,
ORD00024,17-01-2025,Water Bottle,Accessories,Neha Patel,North,4,81.6,68.48,0,13.12,0.160784314,,,Grand Total,3135939.86,462862.24,,West,20547.22,,,,,,,,,
ORD00025,09-03-2025,Backpack,Accessories,Sneha Reddy,West,4,1151.72,1142.76,15,8.96,0.007779669,,,,,,,Meera Krishnan,45138.42,,,,,,,,,
ORD00026,04-12-2025,Office Chair,Furniture,Arjun Rao,East,8,6998.85,6475.36,5,523.49,0.074796574,,,,,,,East,17400.77,,,,,,,,,
ORD00027,27-11-2025,Pen Set,Stationery,Priya Nair,North,7,4527.67,3306.45,0,1221.22,0.269723721,,,,,,,North,7519.9,,,,,,,,,
ORD00028,08-04-2025,Pen Set,Stationery,Kiran Gupta,West,6,5776.06,4815.54,0,960.52,0.166293286,,,,,,,South,12359.95,,,,,,,,,
ORD00029,08-02-2025,Headphones,Electronics,Meera Krishnan,North,7,1368.29,1341.55,15,26.74,0.019542641,,,,,,,West,7857.8,,,,,,,,,
ORD00030,02-05-2025,Laptop,Electronics,Rahul Verma,West,9,11086.5,7539.03,0,3547.47,0.319981058,,,,,,,Neha Patel,51349.27,,,,,,,,,
ORD00031,26-03-2025,Printer,Electronics,Arjun Rao,North,8,2201.62,1772.88,15,428.74,0.19473842,,,,,,,East,10653.16,,,,,,,,,
ORD00032,23-12-2025,Pen Set,Stationery,Kiran Gupta,West,5,4784.54,4636.25,15,148.29,0.030993575,,,,,,,North,13679.74,,,,,,,,,
ORD00033,05-10-2025,Headphones,Electronics,Aarav Sharma,East,4,1617.93,1214.96,0,402.97,0.249065164,,,,,,,South,11689.77,,,,,,,,,
ORD00034,29-09-2025,Laptop,Electronics,Rahul Verma,North,1,690.83,588.34,20,102.49,0.148357773,,,,,,,West,15326.6,,,,,,,,,
ORD00035,12-12-2025,Backpack,Accessories,Ananya Iyer,West,2,2282.2,1705.66,0,576.54,0.25262466,,,,,,,Priya Nair,36361.75,,,,,,,,,
ORD00036,11-02-2025,Smartphone,Electronics,Arjun Rao,East,10,2265.27,2537.5,20,-272.23,-0.12017552,,,,,,,East,10560.68,,,,,,,,,
ORD00037,22-07-2025,Desk,Furniture,Rahul Verma,East,4,2896.52,2692.12,10,204.4,0.07056744,,,,,,,North,14019.32,,,,,,,,,
ORD00038,15-11-2025,Printer,Electronics,Sneha Reddy,North,6,6157,5578.38,0,578.62,0.093977586,,,,,,,South,5667,,,,,,,,,
ORD00039,28-06-2025,Smartphone,Electronics,Priya Nair,South,9,2064.14,1989.18,10,74.96,0.036315366,,,,,,,West,6114.75,,,,,,,,,
ORD00040,10-11-2025,Notebook,Stationery,Kiran Gupta,North,5,918.2,830.85,20,87.35,0.09513178,,,,,,,Rahul Verma,61443.92,,,,,,,,,
ORD00041,10-03-2025,Backpack,Accessories,Vikram Singh,North,5,6879.41,4662.2,0,2217.21,0.322296534,,,,,,,East,17633.28,,,,,,,,,
ORD00042,25-06-2025,Smartphone,Electronics,Ananya Iyer,East,9,1781.43,1475.01,10,306.42,0.172007881,,,,,,,North,15809.94,,,,,,,,,
ORD00043,05-08-2025,Backpack,Accessories,Vikram Singh,North,8,2352.15,2068.88,0,283.27,0.120430245,,,,,,,South,9869.3,,,,,,,,,
ORD00044,15-08-2025,Laptop,Electronics,Kiran Gupta,West,6,4863.99,4640.46,10,223.53,0.045956098,,,,,,,West,18131.4,,,,,,,,,
ORD00045,09-07-2025,Backpack,Accessories,Sneha Reddy,South,1,151.23,120.76,5,30.47,0.201481188,,,,,,,Sneha Reddy,39788.98,,,,,,,,,
ORD00046,21-01-2025,Pen Set,Stationery,Neha Patel,South,3,202.6,154.23,10,48.37,0.238746298,,,,,,,East,8241.89,,,,,,,,,
ORD00047,28-07-2025,Office Chair,Furniture,Sneha Reddy,South,2,837.63,720.28,20,117.35,0.140097656,,,,,,,North,8865.54,,,,,,,,,
ORD00048,13-01-2025,Office Chair,Furniture,Rahul Verma,East,3,4042.28,2929.32,5,1112.96,0.275329764,,,,,,,South,14104.8,,,,,,,,,
ORD00049,20-01-2025,Pen Set,Stationery,Meera Krishnan,South,4,1374.01,1096.56,0,277.45,0.201927206,,,,,,,West,8576.75,,,,,,,,,
ORD00050,04-12-2025,Office Chair,Furniture,Ananya Iyer,West,8,3218.86,2849.28,5,369.58,0.114817047,,,,,,,Vikram Singh,46479.95,,,,,,,,,
ORD00051,18-09-2025,Notebook,Stationery,Arjun Rao,East,5,4832.45,4328.55,10,503.9,0.104274229,,,,,,,East,8356.63,,,,,,,,,
ORD00052,16-05-2025,Laptop,Electronics,Aarav Sharma,North,2,1851.89,1756.54,10,95.35,0.051487939,,,,,,,North,16950,,,,,,,,,
ORD00053,19-09-2025,Water Bottle,Accessories,Priya Nair,West,7,2828.31,2465.61,10,362.7,0.128239125,,,,,,,South,12616.69,,,,,,,,,
ORD00054,03-10-2025,Water Bottle,Accessories,Ananya Iyer,East,4,981.16,1048.72,15,-67.56,-0.068857271,,,,,,,West,8556.63,,,,,,,,,
ORD00055,06-12-2025,Pen Set,Stationery,Priya Nair,East,2,2305.76,1898.78,10,406.98,0.176505794,,,,,,,Grand Total,462862.24,,,,,,,,,
ORD00056,01-06-2025,Backpack,Accessories,Kiran Gupta,South,5,3803.04,3351.1,10,451.94,0.11883651,,,,,,,,,,,,,,,,,
ORD00057,31-03-2025,Office Chair,Furniture,Sneha Reddy,East,7,5451.17,4677.96,15,773.21,0.141842944,,,,,,,,,,,,,,,,,
ORD00058,09-08-2025,Pen Set,Stationery,Sneha Reddy,East,9,8219.9,7518.51,10,701.39,0.085328289,,,,,,,,,,,,,,,,,
ORD00059,28-03-2025,Printer,Electronics,Priya Nair,East,8,4438.88,3581.92,5,856.96,0.193057708,,,,,,,,,,,,,,,,,
ORD00060,26-04-2025,Backpack,Accessories,Ananya Iyer,South,10,4446.18,3418.4,5,1027.78,0.231160232,,,,,,,,,,,,,,,,,
ORD00061,07-02-2025,Laptop,Electronics,Meera Krishnan,West,1,288.44,252.39,15,36.05,0.124982665,,,,,,,,,,,,,,,,,
ORD00062,05-05-2025,Water Bottle,Accessories,Rahul Verma,North,4,3182.01,2884.64,15,297.37,0.093453509,,,,,,,,,,,,,,,,,
ORD00063,13-10-2025,Smartphone,Electronics,Ananya Iyer,North,7,1632.01,1586.55,20,45.46,0.027855221,,,,,,,,,,,,,,,,,
ORD00064,01-11-2025,Printer,Electronics,Neha Patel,West,3,2882.9,2410.2,20,472.7,0.163966839,,,,,,,,,,,,,,,,,
ORD00065,23-03-2025,Water Bottle,Accessories,Meera Krishnan,West,9,3980.55,3892.23,20,88.32,0.022187889,,,,,,,,,,,,,,,,,
ORD00066,24-09-2025,Desk,Furniture,Meera Krishnan,South,4,4260.12,3365.84,10,894.28,0.209918969,,,,,,,,,,,,,,,,,
ORD00067,21-06-2025,Desk,Furniture,Neha Patel,North,8,745.3,693.68,10,51.62,0.0692607,,,,,,,,,,,,,,,,,
ORD00068,02-02-2025,Headphones,Electronics,Arjun Rao,West,3,941.54,716.85,5,224.69,0.23864095,,,,,,,,,,,,,,,,,
ORD00069,04-08-2025,Notebook,Stationery,Arjun Rao,North,9,5016.48,4241.43,0,775.05,0.154500765,,,,,,,,,,,,,,,,,
ORD00070,19-07-2025,Water Bottle,Accessories,Arjun Rao,South,7,3704.58,3375.47,10,329.11,0.088838681,,,,,,,,,,,,,,,,,
ORD00071,22-06-2025,Printer,Electronics,Arjun Rao,South,4,1059.05,1120.84,15,-61.79,-0.058344743,,,,,,,,,,,,,,,,,
ORD00072,21-07-2025,Printer,Electronics,Sneha Reddy,North,3,2615,2942.73,20,-327.73,-0.12532696,,,,,,,,,,,,,,,,,
ORD00073,14-05-2025,Smartphone,Electronics,Arjun Rao,East,7,1007.13,1010.38,15,-3.25,-0.003226992,,,,,,,,,,,,,,,,,
ORD00074,04-08-2025,Office Chair,Furniture,Vikram Singh,North,8,2747.65,2668.64,15,79.01,0.028755482,,,,,,,,,,,,,,,,,
ORD00075,29-06-2025,Printer,Electronics,Ananya Iyer,North,1,1127.27,751.53,0,375.74,0.333318548,,,,,,,,,,,,,,,,,
ORD00076,15-11-2025,Laptop,Electronics,Rahul Verma,South,1,1295.88,950.12,5,345.76,0.266814829,,,,,,,,,,,,,,,,,
ORD00077,27-08-2025,Headphones,Electronics,Vikram Singh,East,8,6368.52,5382.08,20,986.44,0.154893131,,,,,,,,,,,,,,,,,
ORD00078,25-03-2025,Headphones,Electronics,Vikram Singh,North,10,8624.46,6111.8,0,2512.66,0.291341139,,,,,,,,,,,,,,,,,
ORD00079,12-07-2025,Water Bottle,Accessories,Arjun Rao,South,1,1019.54,929.6,20,89.94,0.088216254,,,,,,,,,,,,,,,,,
ORD00080,04-06-2025,Smartphone,Electronics,Sneha Reddy,North,10,7517.89,6937.1,5,580.79,0.077254389,,,,,,,,,,,,,,,,,
ORD00081,05-02-2025,Water Bottle,Accessories,Kiran Gupta,East,1,410.3,353.73,15,56.57,0.137874726,,,,,,,,,,,,,,,,,
ORD00082,05-07-2025,Laptop,Electronics,Meera Krishnan,South,7,7346.01,5768.77,0,1577.24,0.214707031,,,,,,,,,,,,,,,,,
ORD00083,03-10-2025,Pen Set,Stationery,Meera Krishnan,West,3,2677.17,2209.38,10,467.79,0.17473302,,,,,,,,,,,,,,,,,
ORD00084,14-02-2025,Pen Set,Stationery,Vikram Singh,West,10,3751.52,2757.1,5,994.42,0.265071224,,,,,,,,,,,,,,,,,
ORD00085,11-09-2025,Office Chair,Furniture,Neha Patel,South,8,4819.99,4593.2,15,226.79,0.047051965,,,,,,,,,,,,,,,,,
ORD00086,02-11-2025,Printer,Electronics,Vikram Singh,North,4,1607.73,1445.12,10,162.61,0.101142605,,,,,,,,,,,,,,,,,
ORD00087,04-05-2025,Backpack,Accessories,Meera Krishnan,West,4,417.37,379.04,15,38.33,0.091836979,,,,,,,,,,,,,,,,,
ORD00088,05-05-2025,Printer,Electronics,Vikram Singh,East,1,122.41,102.12,5,20.29,0.165754432,,,,,,,,,,,,,,,,,
ORD00089,09-10-2025,Printer,Electronics,Neha Patel,East,9,6140.6,4820.49,15,1320.11,0.214980621,,,,,,,,,,,,,,,,,
ORD00090,09-04-2025,Printer,Electronics,Neha Patel,North,5,1710.23,1567.8,5,142.43,0.083281196,,,,,,,,,,,,,,,,,
ORD00091,29-10-2025,Backpack,Accessories,Kiran Gupta,East,3,616.26,598.89,15,17.37,0.028186155,,,,,,,,,,,,,,,,,
ORD00092,08-01-2025,Smartphone,Electronics,Kiran Gupta,South,4,1279.36,1213.12,10,66.24,0.051775888,,,,,,,,,,,,,,,,,
ORD00093,06-03-2025,Desk,Furniture,Meera Krishnan,North,1,948.71,974.55,20,-25.84,-0.027236985,,,,,,,,,,,,,,,,,
ORD00094,05-04-2025,Laptop,Electronics,Aarav Sharma,East,10,3162.07,2915,15,247.07,0.078135525,,,,,,,,,,,,,,,,,
ORD00095,23-10-2025,Printer,Electronics,Aarav Sharma,South,2,1816.17,1647.78,15,168.39,0.092717091,,,,,,,,,,,,,,,,,
ORD00096,02-03-2025,Headphones,Electronics,Kiran Gupta,West,10,14221.35,9496.3,0,4725.05,0.332250454,,,,,,,,,,,,,,,,,
ORD00097,14-07-2025,Water Bottle,Accessories,Meera Krishnan,West,10,10622.05,7928.3,5,2693.75,0.253599823,,,,,,,,,,,,,,,,,
ORD00098,31-01-2025,Desk,Furniture,Sneha Reddy,North,10,11829.15,9901.3,10,1927.85,0.162974516,,,,,,,,,,,,,,,,,
ORD00099,30-03-2025,Office Chair,Furniture,Kiran Gupta,North,4,1265.15,1088,0,177.15,0.140022922,,,,,,,,,,,,,,,,,
ORD00100,17-01-2025,Headphones,Electronics,Ananya Iyer,East,1,427.02,414.43,20,12.59,0.029483397,,,,,,,,,,,,,,,,,
ORD00101,17-11-2025,Desk,Furniture,Sneha Reddy,South,8,898.74,643.76,5,254.98,0.283708303,,,,,,,,,,,,,,,,,
ORD00102,14-03-2025,Pen Set,Stationery,Priya Nair,North,2,1526.77,1098.24,5,428.53,0.280677509,,,,,,,,,,,,,,,,,
ORD00103,13-08-2025,Headphones,Electronics,Priya Nair,West,5,3519,2995.45,20,523.55,0.148778062,,,,,,,,,,,,,,,,,
ORD00104,13-08-2025,Desk,Furniture,Priya Nair,North,7,6951.34,6602.75,20,348.59,0.050147166,,,,,,,,,,,,,,,,,
ORD00105,12-12-2025,Pen Set,Stationery,Sneha Reddy,North,6,4143.88,3646.08,0,497.8,0.120128961,,,,,,,,,,,,,,,,,
ORD00106,30-11-2025,Desk,Furniture,Meera Krishnan,East,10,609.81,498.3,5,111.51,0.182860235,,,,,,,,,,,,,,,,,
ORD00107,29-08-2025,Headphones,Electronics,Neha Patel,West,10,5583.05,4415.3,15,1167.75,0.209159868,,,,,,,,,,,,,,,,,
ORD00108,22-12-2025,Notebook,Stationery,Meera Krishnan,East,6,4728.79,4040.58,5,688.21,0.145536173,,,,,,,,,,,,,,,,,
ORD00109,15-06-2025,Pen Set,Stationery,Priya Nair,West,9,511.12,416.97,0,94.15,0.184203318,,,,,,,,,,,,,,,,,
ORD00110,28-01-2025,Backpack,Accessories,Ananya Iyer,East,1,679.48,661.08,20,18.4,0.027079531,,,,,,,,,,,,,,,,,
ORD00111,09-10-2025,Water Bottle,Accessories,Rahul Verma,East,8,5946.34,5033.2,0,913.14,0.153563368,,,,,,,,,,,,,,,,,
ORD00112,30-12-2025,Printer,Electronics,Rahul Verma,East,8,1183.12,1041.68,20,141.44,0.119548313,,,,,,,,,,,,,,,,,
ORD00113,28-02-2025,Backpack,Accessories,Meera Krishnan,North,1,662.44,556.73,0,105.71,0.159576716,,,,,,,,,,,,,,,,,
ORD00114,20-05-2025,Headphones,Electronics,Arjun Rao,West,8,8759.82,7466.64,10,1293.18,0.147626321,,,,,,,,,,,,,,,,,
ORD00115,03-11-2025,Printer,Electronics,Kiran Gupta,South,4,2201.58,1848.88,5,352.7,0.160203127,,,,,,,,,,,,,,,,,
ORD00116,17-09-2025,Smartphone,Electronics,Vikram Singh,North,5,4070.65,3874.75,15,195.9,0.048124992,,,,,,,,,,,,,,,,,
ORD00117,08-09-2025,Desk,Furniture,Rahul Verma,West,5,5033.13,4195.5,20,837.63,0.166423279,,,,,,,,,,,,,,,,,
ORD00118,13-07-2025,Backpack,Accessories,Meera Krishnan,East,8,3162.55,2813.36,20,349.19,0.110414065,,,,,,,,,,,,,,,,,
ORD00119,30-07-2025,Office Chair,Furniture,Aarav Sharma,East,4,3157.57,2304.32,5,853.25,0.270223621,,,,,,,,,,,,,,,,,
ORD00120,19-01-2025,Printer,Electronics,Rahul Verma,East,7,3385.87,2745.54,5,640.33,0.189118306,,,,,,,,,,,,,,,,,
ORD00121,15-03-2025,Smartphone,Electronics,Arjun Rao,South,8,817.69,869.68,15,-51.99,-0.063581553,,,,,,,,,,,,,,,,,
ORD00122,21-12-2025,Smartphone,Electronics,Arjun Rao,North,8,6971.14,6269.68,10,701.46,0.100623427,,,,,,,,,,,,,,,,,
ORD00123,07-09-2025,Notebook,Stationery,Kiran Gupta,North,9,4225.46,3475.89,10,749.57,0.177393704,,,,,,,,,,,,,,,,,
ORD00124,16-02-2025,Water Bottle,Accessories,Arjun Rao,North,2,654.08,484.84,10,169.24,0.258745108,,,,,,,,,,,,,,,,,
ORD00125,24-01-2025,Smartphone,Electronics,Neha Patel,North,8,1838.17,1397.6,10,440.57,0.239678593,,,,,,,,,,,,,,,,,
ORD00126,30-07-2025,Desk,Furniture,Sneha Reddy,South,6,2601.61,2286.54,5,315.07,0.121105777,,,,,,,,,,,,,,,,,
ORD00127,04-05-2025,Headphones,Electronics,Meera Krishnan,South,3,303.08,264.54,15,38.54,0.127161146,,,,,,,,,,,,,,,,,
ORD00128,05-01-2025,Office Chair,Furniture,Meera Krishnan,East,8,5244.18,5132.24,15,111.94,0.021345568,,,,,,,,,,,,,,,,,
ORD00129,03-06-2025,Backpack,Accessories,Arjun Rao,East,3,335.53,249.36,10,86.17,0.256817572,,,,,,,,,,,,,,,,,
ORD00130,24-02-2025,Printer,Electronics,Ananya Iyer,West,5,1269.36,1036.1,15,233.26,0.183761896,,,,,,,,,,,,,,,,,
ORD00131,04-12-2025,Water Bottle,Accessories,Arjun Rao,East,6,3467.06,3474.36,10,-7.3,-0.00210553,,,,,,,,,,,,,,,,,
ORD00132,12-09-2025,Laptop,Electronics,Vikram Singh,South,10,12686.53,8664.2,0,4022.33,0.317055176,,,,,,,,,,,,,,,,,
ORD00133,14-12-2025,Water Bottle,Accessories,Rahul Verma,North,6,1743.18,1360.86,5,382.32,0.219323306,,,,,,,,,,,,,,,,,
ORD00134,09-03-2025,Laptop,Electronics,Priya Nair,East,5,5265.52,3953.6,0,1311.92,0.24915298,,,,,,,,,,,,,,,,,
ORD00135,07-07-2025,Notebook,Stationery,Kiran Gupta,East,7,1729.78,1287.16,5,442.62,0.255882251,,,,,,,,,,,,,,,,,
ORD00136,01-06-2025,Headphones,Electronics,Neha Patel,North,5,5781.82,4574.55,15,1207.27,0.208804494,,,,,,,,,,,,,,,,,
ORD00137,12-12-2025,Printer,Electronics,Arjun Rao,East,2,409.77,298.7,5,111.07,0.271054494,,,,,,,,,,,,,,,,,
ORD00138,08-07-2025,Smartphone,Electronics,Vikram Singh,West,7,153.07,166.46,20,-13.39,-0.087476318,,,,,,,,,,,,,,,,,
ORD00139,15-10-2025,Notebook,Stationery,Neha Patel,South,2,1279.57,1356.18,15,-76.61,-0.059871676,,,,,,,,,,,,,,,,,
ORD00140,01-03-2025,Smartphone,Electronics,Rahul Verma,North,8,8911.57,7282.32,10,1629.25,0.182824126,,,,,,,,,,,,,,,,,
ORD00141,03-10-2025,Laptop,Electronics,Rahul Verma,West,5,5671.44,4979.85,0,691.59,0.121942575,,,,,,,,,,,,,,,,,
ORD00142,21-03-2025,Printer,Electronics,Arjun Rao,North,6,4099.76,4042.68,20,57.08,0.013922766,,,,,,,,,,,,,,,,,
ORD00143,09-07-2025,Printer,Electronics,Ananya Iyer,West,10,4147.66,4140.3,10,7.36,0.001774495,,,,,,,,,,,,,,,,,
ORD00144,08-07-2025,Printer,Electronics,Kiran Gupta,East,4,5115.25,3427.6,0,1687.65,0.329925224,,,,,,,,,,,,,,,,,
ORD00145,21-08-2025,Laptop,Electronics,Priya Nair,South,7,2932.34,1981.84,0,950.5,0.324143858,,,,,,,,,,,,,,,,,
ORD00146,06-03-2025,Water Bottle,Accessories,Sneha Reddy,South,1,64.74,60.07,10,4.67,0.072134693,,,,,,,,,,,,,,,,,
ORD00147,30-04-2025,Smartphone,Electronics,Neha Patel,South,9,2621.01,1935.81,5,685.2,0.261425939,,,,,,,,,,,,,,,,,
ORD00148,04-10-2025,Water Bottle,Accessories,Vikram Singh,South,1,404.06,284.5,5,119.56,0.295896649,,,,,,,,,,,,,,,,,
ORD00149,02-05-2025,Smartphone,Electronics,Sneha Reddy,East,1,179.04,140.49,10,38.55,0.215315013,,,,,,,,,,,,,,,,,
ORD00150,27-09-2025,Laptop,Electronics,Priya Nair,North,3,1085.54,818.13,5,267.41,0.246338228,,,,,,,,,,,,,,,,,
ORD00151,20-08-2025,Printer,Electronics,Kiran Gupta,South,8,6678.69,6241.92,20,436.77,0.065397556,,,,,,,,,,,,,,,,,
ORD00152,26-11-2025,Water Bottle,Accessories,Aarav Sharma,North,1,712.83,729.97,20,-17.14,-0.024045004,,,,,,,,,,,,,,,,,
ORD00153,16-08-2025,Printer,Electronics,Priya Nair,North,7,3919.52,3024.07,0,895.45,0.228459097,,,,,,,,,,,,,,,,,
ORD00154,21-11-2025,Notebook,Stationery,Sneha Reddy,East,10,1803,1568.5,5,234.5,0.130061009,,,,,,,,,,,,,,,,,
ORD00155,09-08-2025,Pen Set,Stationery,Priya Nair,North,10,5924.61,5352.5,15,572.11,0.096565006,,,,,,,,,,,,,,,,,
ORD00156,21-08-2025,Backpack,Accessories,Arjun Rao,West,4,2095.62,1743.08,5,352.54,0.168227064,,,,,,,,,,,,,,,,,
ORD00157,20-03-2025,Smartphone,Electronics,Meera Krishnan,North,6,2918.72,2595,10,323.72,0.110911632,,,,,,,,,,,,,,,,,
ORD00158,10-07-2025,Smartphone,Electronics,Rahul Verma,North,2,286,204.6,0,81.4,0.284615385,,,,,,,,,,,,,,,,,
ORD00159,07-12-2025,Water Bottle,Accessories,Arjun Rao,North,9,6441.26,5094.63,0,1346.63,0.209063134,,,,,,,,,,,,,,,,,
ORD00160,19-04-2025,Desk,Furniture,Rahul Verma,West,10,4250.68,3193.2,0,1057.48,0.248779019,,,,,,,,,,,,,,,,,
ORD00161,23-05-2025,Office Chair,Furniture,Sneha Reddy,South,2,711.52,713.22,20,-1.7,-0.002389251,,,,,,,,,,,,,,,,,
ORD00162,26-11-2025,Pen Set,Stationery,Kiran Gupta,North,9,9442.98,8773.2,20,669.78,0.070928881,,,,,,,,,,,,,,,,,
ORD00163,08-06-2025,Water Bottle,Accessories,Neha Patel,East,5,240.27,193.3,10,46.97,0.195488409,,,,,,,,,,,,,,,,,
ORD00164,05-02-2025,Laptop,Electronics,Rahul Verma,North,3,2849.61,2613.48,20,236.13,0.082863971,,,,,,,,,,,,,,,,,
ORD00165,22-03-2025,Smartphone,Electronics,Neha Patel,East,9,2185.91,2006.82,15,179.09,0.081929265,,,,,,,,,,,,,,,,,
ORD00166,13-11-2025,Notebook,Stationery,Aarav Sharma,North,10,6976.41,6002.6,0,973.81,0.13958612,,,,,,,,,,,,,,,,,
ORD00167,01-08-2025,Desk,Furniture,Vikram Singh,South,8,6075.2,5322.56,15,752.64,0.123887279,,,,,,,,,,,,,,,,,
ORD00168,14-12-2025,Backpack,Accessories,Sneha Reddy,West,2,853.48,703.44,0,150.04,0.17579791,,,,,,,,,,,,,,,,,
ORD00169,29-01-2025,Backpack,Accessories,Aarav Sharma,South,5,348.92,274.8,15,74.12,0.212426917,,,,,,,,,,,,,,,,,
ORD00170,03-03-2025,Desk,Furniture,Aarav Sharma,West,4,3368.74,3078.72,10,290.02,0.086091536,,,,,,,,,,,,,,,,,
ORD00171,14-09-2025,Pen Set,Stationery,Kiran Gupta,East,3,457.18,413.67,20,43.51,0.095170392,,,,,,,,,,,,,,,,,
ORD00172,24-08-2025,Smartphone,Electronics,Priya Nair,East,7,7700.52,6042.05,0,1658.47,0.21537117,,,,,,,,,,,,,,,,,
ORD00173,27-07-2025,Water Bottle,Accessories,Aarav Sharma,East,7,4178.89,4043.69,15,135.2,0.032353089,,,,,,,,,,,,,,,,,
ORD00174,24-02-2025,Headphones,Electronics,Ananya Iyer,West,10,4756.14,4655,10,101.14,0.021265144,,,,,,,,,,,,,,,,,
ORD00175,23-06-2025,Water Bottle,Accessories,Ananya Iyer,East,7,4555.9,3701.04,15,854.86,0.187638008,,,,,,,,,,,,,,,,,
ORD00176,10-04-2025,Headphones,Electronics,Neha Patel,East,2,1352.61,1030.76,0,321.85,0.237947376,,,,,,,,,,,,,,,,,
ORD00177,05-11-2025,Headphones,Electronics,Rahul Verma,North,4,474.4,447.12,10,27.28,0.057504216,,,,,,,,,,,,,,,,,
ORD00178,18-08-2025,Headphones,Electronics,Sneha Reddy,East,8,4216.88,3754.48,20,462.4,0.109654531,,,,,,,,,,,,,,,,,
ORD00179,05-06-2025,Notebook,Stationery,Vikram Singh,North,3,1450.15,1336.11,15,114.04,0.078640141,,,,,,,,,,,,,,,,,
ORD00180,30-01-2025,Notebook,Stationery,Neha Patel,East,9,817.63,751.05,15,66.58,0.081430476,,,,,,,,,,,,,,,,,
ORD00181,25-10-2025,Smartphone,Electronics,Kiran Gupta,North,2,1241.48,1237.72,20,3.76,0.003028643,,,,,,,,,,,,,,,,,
ORD00182,14-09-2025,Printer,Electronics,Rahul Verma,North,10,7914.97,6553.2,10,1361.77,0.172049926,,,,,,,,,,,,,,,,,
ORD00183,13-02-2025,Printer,Electronics,Kiran Gupta,South,2,2184.41,1625.72,10,558.69,0.255762426,,,,,,,,,,,,,,,,,
ORD00184,09-11-2025,Laptop,Electronics,Rahul Verma,East,4,3163.89,2842.2,15,321.69,0.101675469,,,,,,,,,,,,,,,,,
ORD00185,27-01-2025,Notebook,Stationery,Neha Patel,North,5,2428.94,1967.7,10,461.24,0.189893534,,,,,,,,,,,,,,,,,
ORD00186,03-12-2025,Notebook,Stationery,Sneha Reddy,South,2,1160.31,1124.76,15,35.55,0.030638364,,,,,,,,,,,,,,,,,
ORD00187,08-06-2025,Notebook,Stationery,Arjun Rao,South,2,1635.56,1173.82,5,461.74,0.282313092,,,,,,,,,,,,,,,,,
ORD00188,18-06-2025,Water Bottle,Accessories,Rahul Verma,North,2,730.32,632.98,15,97.34,0.13328404,,,,,,,,,,,,,,,,,
ORD00189,20-04-2025,Pen Set,Stationery,Neha Patel,West,9,3649.23,3313.89,10,335.34,0.091893358,,,,,,,,,,,,,,,,,
ORD00190,21-02-2025,Office Chair,Furniture,Kiran Gupta,North,4,4297.2,3999.92,5,297.28,0.069179931,,,,,,,,,,,,,,,,,
ORD00191,03-04-2025,Notebook,Stationery,Sneha Reddy,South,10,1379.86,1397.4,15,-17.54,-0.012711434,,,,,,,,,,,,,,,,,
ORD00192,09-11-2025,Printer,Electronics,Vikram Singh,West,1,589.05,416.75,5,172.3,0.292504881,,,,,,,,,,,,,,,,,
ORD00193,10-04-2025,Office Chair,Furniture,Neha Patel,West,9,2759.29,2221.02,15,538.27,0.195075545,,,,,,,,,,,,,,,,,
ORD00194,24-03-2025,Printer,Electronics,Ananya Iyer,South,5,4092.05,3901.7,20,190.35,0.046517027,,,,,,,,,,,,,,,,,
ORD00195,22-02-2025,Desk,Furniture,Kiran Gupta,North,1,767.04,644.77,10,122.27,0.159404985,,,,,,,,,,,,,,,,,
ORD00196,20-09-2025,Desk,Furniture,Rahul Verma,West,2,1763.31,1530.98,10,232.33,0.131757887,,,,,,,,,,,,,,,,,
ORD00197,01-08-2025,Smartphone,Electronics,Aarav Sharma,West,4,4338.16,3274.16,10,1064,0.245265274,,,,,,,,,,,,,,,,,
ORD00198,15-01-2025,Backpack,Accessories,Neha Patel,North,6,1825.6,1460.52,0,365.08,0.199978089,,,,,,,,,,,,,,,,,
ORD00199,30-08-2025,Notebook,Stationery,Rahul Verma,West,3,579.15,438.66,10,140.49,0.242579643,,,,,,,,,,,,,,,,,
ORD00200,21-04-2025,Printer,Electronics,Rahul Verma,West,10,168.36,152,0,16.36,0.097172725,,,,,,,,,,,,,,,,,
ORD00201,03-08-2025,Smartphone,Electronics,Sneha Reddy,West,5,1372.35,1226.3,0,146.05,0.106423289,,,,,,,,,,,,,,,,,
ORD00202,09-01-2025,Smartphone,Electronics,Kiran Gupta,South,2,1907.83,1676.64,15,231.19,0.12117956,,,,,,,,,,,,,,,,,
ORD00203,20-10-2025,Headphones,Electronics,Arjun Rao,South,5,2159.31,2174.75,20,-15.44,-0.007150432,,,,,,,,,,,,,,,,,
ORD00204,06-10-2025,Smartphone,Electronics,Kiran Gupta,North,9,12997.75,8774.19,0,4223.56,0.324945471,,,,,,,,,,,,,,,,,
ORD00205,10-05-2025,Pen Set,Stationery,Aarav Sharma,East,8,538.88,424.8,15,114.08,0.211698337,,,,,,,,,,,,,,,,,
ORD00206,20-06-2025,Smartphone,Electronics,Rahul Verma,North,6,2102,1492.26,0,609.74,0.290076118,,,,,,,,,,,,,,,,,
ORD00207,17-12-2025,Notebook,Stationery,Meera Krishnan,West,9,4226.45,3106.44,5,1120.01,0.265000177,,,,,,,,,,,,,,,,,
ORD00208,14-04-2025,Headphones,Electronics,Aarav Sharma,South,3,206.01,217.41,15,-11.4,-0.05533712,,,,,,,,,,,,,,,,,
ORD00209,06-10-2025,Laptop,Electronics,Meera Krishnan,East,6,5645.89,5604.24,20,41.65,0.007377048,,,,,,,,,,,,,,,,,
ORD00210,19-06-2025,Laptop,Electronics,Vikram Singh,North,4,1696.53,1173,0,523.53,0.308588708,,,,,,,,,,,,,,,,,
ORD00211,17-07-2025,Notebook,Stationery,Neha Patel,South,7,7725.19,6234.13,15,1491.06,0.193012728,,,,,,,,,,,,,,,,,
ORD00212,12-02-2025,Printer,Electronics,Arjun Rao,North,8,2885.78,2989.36,20,-103.58,-0.035893242,,,,,,,,,,,,,,,,,
ORD00213,14-06-2025,Pen Set,Stationery,Priya Nair,North,10,12462.07,9951.5,5,2510.57,0.201456901,,,,,,,,,,,,,,,,,
ORD00214,27-03-2025,Notebook,Stationery,Meera Krishnan,East,5,1738.99,1567.15,20,171.84,0.098815979,,,,,,,,,,,,,,,,,
ORD00215,11-08-2025,Printer,Electronics,Vikram Singh,North,1,883.74,729.55,10,154.19,0.174474393,,,,,,,,,,,,,,,,,
ORD00216,15-03-2025,Smartphone,Electronics,Sneha Reddy,West,7,3641.13,2587.76,5,1053.37,0.289297553,,,,,,,,,,,,,,,,,
ORD00217,18-10-2025,Laptop,Electronics,Aarav Sharma,South,3,257.33,229.68,10,27.65,0.107449578,,,,,,,,,,,,,,,,,
ORD00218,29-09-2025,Printer,Electronics,Neha Patel,West,6,3017.78,2269.74,0,748.04,0.247877579,,,,,,,,,,,,,,,,,
ORD00219,06-04-2025,Notebook,Stationery,Meera Krishnan,West,5,1427.49,1285.6,0,141.89,0.099398244,,,,,,,,,,,,,,,,,
ORD00220,20-04-2025,Backpack,Accessories,Sneha Reddy,East,2,669.38,538.32,10,131.06,0.195793122,,,,,,,,,,,,,,,,,
ORD00221,16-08-2025,Printer,Electronics,Priya Nair,East,4,673.25,525.64,0,147.61,0.219249907,,,,,,,,,,,,,,,,,
ORD00222,22-03-2025,Notebook,Stationery,Rahul Verma,East,2,1453.77,1109,10,344.77,0.237155809,,,,,,,,,,,,,,,,,
ORD00223,02-05-2025,Backpack,Accessories,Meera Krishnan,North,4,700.72,520.6,5,180.12,0.257049892,,,,,,,,,,,,,,,,,
ORD00224,10-10-2025,Notebook,Stationery,Rahul Verma,North,9,6269.52,5188.95,15,1080.57,0.172352907,,,,,,,,,,,,,,,,,
ORD00225,29-07-2025,Smartphone,Electronics,Sneha Reddy,North,5,2250.75,2020.9,15,229.85,0.102121515,,,,,,,,,,,,,,,,,
ORD00226,22-09-2025,Headphones,Electronics,Neha Patel,South,6,4237.43,3875.52,15,361.91,0.085407901,,,,,,,,,,,,,,,,,
ORD00227,29-01-2025,Backpack,Accessories,Priya Nair,South,10,2299.54,1901.4,5,398.14,0.173138976,,,,,,,,,,,,,,,,,
ORD00228,23-09-2025,Desk,Furniture,Vikram Singh,North,3,601.24,511.05,5,90.19,0.150006653,,,,,,,,,,,,,,,,,
ORD00229,17-11-2025,Desk,Furniture,Vikram Singh,North,4,2472.64,2554.84,20,-82.2,-0.03324382,,,,,,,,,,,,,,,,,
ORD00230,04-12-2025,Backpack,Accessories,Sneha Reddy,East,3,1661.36,1787.67,20,-126.31,-0.076028073,,,,,,,,,,,,,,,,,
ORD00231,25-11-2025,Water Bottle,Accessories,Sneha Reddy,East,1,936.55,826.98,0,109.57,0.11699322,,,,,,,,,,,,,,,,,
ORD00232,18-11-2025,Office Chair,Furniture,Kiran Gupta,East,10,5488.14,4224.2,0,1263.94,0.230303892,,,,,,,,,,,,,,,,,
ORD00233,07-02-2025,Desk,Furniture,Aarav Sharma,South,8,2092.4,2019.44,15,72.96,0.03486905,,,,,,,,,,,,,,,,,
ORD00234,15-03-2025,Printer,Electronics,Neha Patel,East,7,4022.91,3425.87,5,597.04,0.148409982,,,,,,,,,,,,,,,,,
ORD00235,24-02-2025,Notebook,Stationery,Neha Patel,South,7,1147.44,976.22,10,171.22,0.149219131,,,,,,,,,,,,,,,,,
ORD00236,26-01-2025,Printer,Electronics,Vikram Singh,West,2,603.75,549.6,5,54.15,0.089689441,,,,,,,,,,,,,,,,,
ORD00237,23-10-2025,Water Bottle,Accessories,Neha Patel,South,7,2424.6,1790.53,5,634.07,0.261515301,,,,,,,,,,,,,,,,,
ORD00238,07-06-2025,Headphones,Electronics,Meera Krishnan,North,8,8801.37,7968.08,15,833.29,0.094677306,,,,,,,,,,,,,,,,,
ORD00239,30-06-2025,Smartphone,Electronics,Aarav Sharma,North,7,4025.59,3572.73,5,452.86,0.112495311,,,,,,,,,,,,,,,,,
ORD00240,05-01-2025,Desk,Furniture,Priya Nair,West,8,4967.06,4812.32,15,154.74,0.031153238,,,,,,,,,,,,,,,,,
ORD00241,25-07-2025,Headphones,Electronics,Aarav Sharma,South,5,3868.1,3651.15,15,216.95,0.056086968,,,,,,,,,,,,,,,,,
ORD00242,09-10-2025,Notebook,Stationery,Vikram Singh,North,9,2944.79,2661.48,15,283.31,0.0962072,,,,,,,,,,,,,,,,,
ORD00243,07-07-2025,Headphones,Electronics,Rahul Verma,South,2,952.56,799.92,10,152.64,0.160241875,,,,,,,,,,,,,,,,,
ORD00244,12-03-2025,Water Bottle,Accessories,Neha Patel,West,9,4099.4,3666.33,0,433.07,0.105642289,,,,,,,,,,,,,,,,,
ORD00245,10-11-2025,Backpack,Accessories,Neha Patel,South,8,1164.79,1259.6,20,-94.81,-0.081396647,,,,,,,,,,,,,,,,,
ORD00246,17-09-2025,Pen Set,Stationery,Kiran Gupta,West,10,8930.91,7419.3,10,1511.61,0.169255988,,,,,,,,,,,,,,,,,
ORD00247,11-12-2025,Water Bottle,Accessories,Priya Nair,West,5,2994.5,2400.7,0,593.8,0.198296878,,,,,,,,,,,,,,,,,
ORD00248,16-05-2025,Water Bottle,Accessories,Sneha Reddy,South,5,5346.96,3993.95,0,1353.01,0.253042851,,,,,,,,,,,,,,,,,
ORD00249,14-11-2025,Laptop,Electronics,Arjun Rao,South,10,5251.17,4856.4,20,394.77,0.075177532,,,,,,,,,,,,,,,,,
ORD00250,14-08-2025,Office Chair,Furniture,Neha Patel,West,1,678.54,576.84,0,101.7,0.149880626,,,,,,,,,,,,,,,,,
ORD00251,10-11-2025,Headphones,Electronics,Meera Krishnan,North,7,5368,4855.2,15,512.8,0.095529061,,,,,,,,,,,,,,,,,
ORD00252,02-09-2025,Headphones,Electronics,Kiran Gupta,West,9,2614.22,1937.43,10,676.79,0.258887928,,,,,,,,,,,,,,,,,
ORD00253,01-07-2025,Notebook,Stationery,Vikram Singh,West,3,1380.62,1395.21,20,-14.59,-0.010567716,,,,,,,,,,,,,,,,,
ORD00254,02-06-2025,Office Chair,Furniture,Vikram Singh,South,4,1226.11,1144.88,10,81.23,0.066250173,,,,,,,,,,,,,,,,,
ORD00255,21-05-2025,Printer,Electronics,Vikram Singh,North,6,3430.33,2910.06,20,520.27,0.151667624,,,,,,,,,,,,,,,,,
ORD00256,16-03-2025,Water Bottle,Accessories,Vikram Singh,North,9,4213.73,3473.1,15,740.63,0.175765889,,,,,,,,,,,,,,,,,
ORD00257,03-09-2025,Desk,Furniture,Ananya Iyer,South,2,817.34,705.8,15,111.54,0.136467076,,,,,,,,,,,,,,,,,
ORD00258,12-11-2025,Backpack,Accessories,Sneha Reddy,South,5,4852.47,4668.45,10,184.02,0.037922955,,,,,,,,,,,,,,,,,
ORD00259,30-04-2025,Office Chair,Furniture,Aarav Sharma,North,1,640.97,673.14,20,-32.17,-0.050189556,,,,,,,,,,,,,,,,,
ORD00260,12-03-2025,Pen Set,Stationery,Aarav Sharma,South,6,5930.58,4321.08,0,1609.5,0.271389982,,,,,,,,,,,,,,,,,
ORD00261,28-05-2025,Pen Set,Stationery,Neha Patel,East,8,5144.28,3861.36,5,1282.92,0.249387669,,,,,,,,,,,,,,,,,
ORD00262,20-01-2025,Laptop,Electronics,Rahul Verma,West,2,1637.3,1311.56,5,325.74,0.19894949,,,,,,,,,,,,,,,,,
ORD00263,06-04-2025,Headphones,Electronics,Vikram Singh,North,1,1199.54,997.2,15,202.34,0.168681328,,,,,,,,,,,,,,,,,
ORD00264,21-06-2025,Laptop,Electronics,Vikram Singh,West,5,4210.21,2861.4,0,1348.81,0.320366443,,,,,,,,,,,,,,,,,
ORD00265,28-08-2025,Backpack,Accessories,Vikram Singh,South,9,6145.13,4490.73,5,1654.4,0.269221318,,,,,,,,,,,,,,,,,
ORD00266,06-04-2025,Smartphone,Electronics,Aarav Sharma,East,6,1184.56,1025.22,15,159.34,0.134514081,,,,,,,,,,,,,,,,,
ORD00267,24-11-2025,Desk,Furniture,Arjun Rao,West,10,7533.47,6776.6,5,756.87,0.100467646,,,,,,,,,,,,,,,,,
ORD00268,13-03-2025,Backpack,Accessories,Meera Krishnan,East,6,675.26,575.22,0,100.04,0.148150342,,,,,,,,,,,,,,,,,
ORD00269,17-05-2025,Office Chair,Furniture,Neha Patel,East,1,325.77,268.18,5,57.59,0.176781165,,,,,,,,,,,,,,,,,
ORD00270,01-02-2025,Water Bottle,Accessories,Priya Nair,West,10,264.24,213.2,10,51.04,0.193157735,,,,,,,,,,,,,,,,,
ORD00271,27-12-2025,Desk,Furniture,Vikram Singh,North,3,1450.53,1234.08,20,216.45,0.149221319,,,,,,,,,,,,,,,,,
ORD00272,02-09-2025,Desk,Furniture,Rahul Verma,West,6,5227.88,3710.88,5,1517,0.290174985,,,,,,,,,,,,,,,,,
ORD00273,03-10-2025,Water Bottle,Accessories,Ananya Iyer,South,6,2965.56,2530.14,20,435.42,0.146825557,,,,,,,,,,,,,,,,,
ORD00274,09-02-2025,Water Bottle,Accessories,Sneha Reddy,North,2,1172.07,1060.5,20,111.57,0.09519056,,,,,,,,,,,,,,,,,
ORD00275,18-03-2025,Laptop,Electronics,Rahul Verma,East,9,10271.14,8134.74,5,2136.4,0.20800028,,,,,,,,,,,,,,,,,
ORD00276,08-09-2025,Backpack,Accessories,Priya Nair,West,8,1318.27,1000.64,5,317.63,0.240944571,,,,,,,,,,,,,,,,,
ORD00277,30-01-2025,Laptop,Electronics,Kiran Gupta,West,8,1226.56,1124.96,15,101.6,0.08283329,,,,,,,,,,,,,,,,,
ORD00278,24-10-2025,Desk,Furniture,Priya Nair,North,1,562.11,401.99,0,160.12,0.284855277,,,,,,,,,,,,,,,,,
ORD00279,05-02-2025,Pen Set,Stationery,Meera Krishnan,North,6,5056.4,4220.28,20,836.12,0.165358753,,,,,,,,,,,,,,,,,
ORD00280,27-11-2025,Desk,Furniture,Arjun Rao,East,7,1759.88,1317.26,5,442.62,0.251505784,,,,,,,,,,,,,,,,,
ORD00281,16-12-2025,Pen Set,Stationery,Kiran Gupta,South,8,7404.35,6967.36,15,436.99,0.05901801,,,,,,,,,,,,,,,,,
ORD00282,07-03-2025,Notebook,Stationery,Ananya Iyer,North,2,375.54,373.38,20,2.16,0.005751718,,,,,,,,,,,,,,,,,
ORD00283,14-07-2025,Laptop,Electronics,Ananya Iyer,South,5,2378.67,2341.85,20,36.82,0.015479238,,,,,,,,,,,,,,,,,
ORD00284,27-02-2025,Printer,Electronics,Aarav Sharma,West,6,1375.18,981.42,5,393.76,0.286333425,,,,,,,,,,,,,,,,,
ORD00285,18-01-2025,Water Bottle,Accessories,Meera Krishnan,North,1,283.11,248.26,0,34.85,0.123097029,,,,,,,,,,,,,,,,,
ORD00286,29-01-2025,Office Chair,Furniture,Rahul Verma,East,1,510.34,408.24,5,102.1,0.200062703,,,,,,,,,,,,,,,,,
ORD00287,14-06-2025,Office Chair,Furniture,Ananya Iyer,East,10,3671.44,3257.1,20,414.34,0.112854902,,,,,,,,,,,,,,,,,
ORD00288,13-10-2025,Headphones,Electronics,Sneha Reddy,South,9,2242.88,2059.47,10,183.41,0.081774326,,,,,,,,,,,,,,,,,
ORD00289,10-12-2025,Pen Set,Stationery,Arjun Rao,East,9,5988.26,4505.94,10,1482.32,0.247537682,,,,,,,,,,,,,,,,,
ORD00290,03-10-2025,Pen Set,Stationery,Meera Krishnan,South,7,1101.37,1104.11,15,-2.74,-0.002487811,,,,,,,,,,,,,,,,,
ORD00291,30-01-2025,Office Chair,Furniture,Kiran Gupta,West,5,5803.18,4294.85,5,1508.33,0.259914392,,,,,,,,,,,,,,,,,
ORD00292,15-04-2025,Pen Set,Stationery,Neha Patel,North,9,4896.77,4812.21,15,84.56,0.017268526,,,,,,,,,,,,,,,,,
ORD00293,13-07-2025,Printer,Electronics,Sneha Reddy,North,6,648.59,609.24,5,39.35,0.060670069,,,,,,,,,,,,,,,,,
ORD00294,14-10-2025,Smartphone,Electronics,Ananya Iyer,West,4,3587.04,3226.4,20,360.64,0.100539721,,,,,,,,,,,,,,,,,
ORD00295,08-04-2025,Office Chair,Furniture,Priya Nair,West,6,2204.72,1860.96,0,343.76,0.155920026,,,,,,,,,,,,,,,,,
ORD00296,10-10-2025,Office Chair,Furniture,Neha Patel,East,10,8806.87,7067.3,15,1739.57,0.197524206,,,,,,,,,,,,,,,,,
ORD00297,04-07-2025,Pen Set,Stationery,Kiran Gupta,West,8,4741.57,4306.48,10,435.09,0.091760746,,,,,,,,,,,,,,,,,
ORD00298,13-06-2025,Printer,Electronics,Ananya Iyer,East,2,1921.76,1609.58,15,312.18,0.162444842,,,,,,,,,,,,,,,,,
ORD00299,09-01-2025,Notebook,Stationery,Vikram Singh,West,7,513.18,386.82,5,126.36,0.246229393,,,,,,,,,,,,,,,,,
ORD00300,06-05-2025,Desk,Furniture,Meera Krishnan,East,3,728.7,612.69,5,116.01,0.159201317,,,,,,,,,,,,,,,,,
ORD00301,30-06-2025,Desk,Furniture,Rahul Verma,South,8,8443.85,7734.72,15,709.13,0.083981833,,,,,,,,,,,,,,,,,
ORD00302,31-01-2025,Backpack,Accessories,Kiran Gupta,North,8,1840.45,1537.68,20,302.77,0.16450868,,,,,,,,,,,,,,,,,
ORD00303,19-11-2025,Smartphone,Electronics,Ananya Iyer,North,1,752.71,766.7,15,-13.99,-0.018586175,,,,,,,,,,,,,,,,,
ORD00304,13-11-2025,Headphones,Electronics,Sneha Reddy,West,1,240.55,226.53,15,14.02,0.058283101,,,,,,,,,,,,,,,,,
ORD00305,09-01-2025,Printer,Electronics,Kiran Gupta,East,1,16.74,16.55,20,0.19,0.01135006,,,,,,,,,,,,,,,,,
ORD00306,02-04-2025,Backpack,Accessories,Priya Nair,North,5,163.05,134.85,15,28.2,0.172953082,,,,,,,,,,,,,,,,,
ORD00307,01-07-2025,Backpack,Accessories,Vikram Singh,West,3,781.82,745.68,20,36.14,0.046225474,,,,,,,,,,,,,,,,,
ORD00308,23-12-2025,Smartphone,Electronics,Ananya Iyer,East,6,6490.07,5758.2,15,731.87,0.112767659,,,,,,,,,,,,,,,,,
ORD00309,01-09-2025,Smartphone,Electronics,Aarav Sharma,North,1,109.06,102.57,15,6.49,0.059508527,,,,,,,,,,,,,,,,,
ORD00310,19-06-2025,Headphones,Electronics,Sneha Reddy,North,2,1165.49,1009.72,15,155.77,0.13365194,,,,,,,,,,,,,,,,,
ORD00311,24-01-2025,Backpack,Accessories,Priya Nair,East,1,245.11,237.47,20,7.64,0.031169679,,,,,,,,,,,,,,,,,
ORD00312,11-06-2025,Backpack,Accessories,Aarav Sharma,South,10,9247.73,6615.3,5,2632.43,0.284656883,,,,,,,,,,,,,,,,,
ORD00313,03-06-2025,Water Bottle,Accessories,Rahul Verma,South,3,2832.09,2264.19,15,567.9,0.200523288,,,,,,,,,,,,,,,,,
ORD00314,13-03-2025,Water Bottle,Accessories,Priya Nair,East,7,4695.89,4761.82,20,-65.93,-0.014039937,,,,,,,,,,,,,,,,,
ORD00315,11-11-2025,Laptop,Electronics,Sneha Reddy,West,2,1094.61,885.44,0,209.17,0.191090891,,,,,,,,,,,,,,,,,
ORD00316,02-07-2025,Notebook,Stationery,Kiran Gupta,West,1,702.71,637.78,15,64.93,0.092399425,,,,,,,,,,,,,,,,,
ORD00317,13-11-2025,Pen Set,Stationery,Vikram Singh,South,3,1975.23,2048.7,15,-73.47,-0.037195668,,,,,,,,,,,,,,,,,
ORD00318,21-11-2025,Smartphone,Electronics,Rahul Verma,West,2,648.02,550.58,15,97.44,0.150365729,,,,,,,,,,,,,,,,,
ORD00319,16-08-2025,Notebook,Stationery,Neha Patel,East,6,1023.6,692.94,0,330.66,0.323036342,,,,,,,,,,,,,,,,,
ORD00320,12-10-2025,Smartphone,Electronics,Kiran Gupta,West,3,314.6,289.26,15,25.34,0.080546726,,,,,,,,,,,,,,,,,
ORD00321,03-11-2025,Smartphone,Electronics,Neha Patel,West,1,89.81,98.72,20,-8.91,-0.099209442,,,,,,,,,,,,,,,,,
ORD00322,14-10-2025,Laptop,Electronics,Ananya Iyer,South,5,2916.58,2098.35,0,818.23,0.280544336,,,,,,,,,,,,,,,,,
ORD00323,16-03-2025,Pen Set,Stationery,Priya Nair,South,3,480.67,442.35,10,38.32,0.079722055,,,,,,,,,,,,,,,,,
ORD00324,04-07-2025,Pen Set,Stationery,Vikram Singh,South,5,2563.7,2134.45,15,429.25,0.167433787,,,,,,,,,,,,,,,,,
ORD00325,05-06-2025,Printer,Electronics,Aarav Sharma,West,10,6027.35,6205,15,-177.65,-0.029473981,,,,,,,,,,,,,,,,,
ORD00326,09-08-2025,Notebook,Stationery,Sneha Reddy,South,10,4434.17,3860.9,10,573.27,0.129284624,,,,,,,,,,,,,,,,,
ORD00327,01-04-2025,Desk,Furniture,Arjun Rao,East,6,4470.15,3643.08,5,827.07,0.185020637,,,,,,,,,,,,,,,,,
ORD00328,24-05-2025,Desk,Furniture,Arjun Rao,East,8,9052.31,7744.72,5,1307.59,0.144448213,,,,,,,,,,,,,,,,,
ORD00329,09-10-2025,Smartphone,Electronics,Aarav Sharma,West,10,1948.28,2078,20,-129.72,-0.066581805,,,,,,,,,,,,,,,,,
ORD00330,29-07-2025,Office Chair,Furniture,Meera Krishnan,South,8,9133.24,6397.68,0,2735.56,0.299516929,,,,,,,,,,,,,,,,,
ORD00331,13-07-2025,Desk,Furniture,Priya Nair,West,4,1370.25,1040.6,5,329.65,0.240576537,,,,,,,,,,,,,,,,,
ORD00332,21-12-2025,Water Bottle,Accessories,Arjun Rao,North,8,4888.94,4691.36,20,197.58,0.040413668,,,,,,,,,,,,,,,,,
ORD00333,08-05-2025,Notebook,Stationery,Neha Patel,South,9,6154.42,5380.92,0,773.5,0.12568203,,,,,,,,,,,,,,,,,
ORD00334,19-06-2025,Water Bottle,Accessories,Arjun Rao,North,1,717.27,567.59,15,149.68,0.208680134,,,,,,,,,,,,,,,,,
ORD00335,13-10-2025,Laptop,Electronics,Sneha Reddy,South,2,595.64,532.3,20,63.34,0.1063394,,,,,,,,,,,,,,,,,
ORD00336,19-03-2025,Printer,Electronics,Neha Patel,North,6,2623.89,2383.32,20,240.57,0.091684484,,,,,,,,,,,,,,,,,
ORD00337,14-03-2025,Printer,Electronics,Neha Patel,East,2,693.54,604.96,0,88.58,0.127721545,,,,,,,,,,,,,,,,,
ORD00338,01-09-2025,Notebook,Stationery,Priya Nair,West,8,6508.72,6291.44,20,217.28,0.033382908,,,,,,,,,,,,,,,,,
ORD00339,28-02-2025,Printer,Electronics,Aarav Sharma,East,6,653.65,459,0,194.65,0.297789337,,,,,,,,,,,,,,,,,
ORD00340,10-10-2025,Smartphone,Electronics,Rahul Verma,East,3,3464.92,2791.86,5,673.06,0.194249795,,,,,,,,,,,,,,,,,
ORD00341,19-11-2025,Backpack,Accessories,Rahul Verma,South,7,9048.98,6712.16,5,2336.82,0.25824126,,,,,,,,,,,,,,,,,
ORD00342,19-08-2025,Pen Set,Stationery,Sneha Reddy,West,7,316.57,272.3,20,44.27,0.139842689,,,,,,,,,,,,,,,,,
ORD00343,27-12-2025,Pen Set,Stationery,Priya Nair,North,1,814.39,707.69,5,106.7,0.131018308,,,,,,,,,,,,,,,,,
ORD00344,15-05-2025,Backpack,Accessories,Meera Krishnan,East,3,1360.77,1116.42,5,244.35,0.179567451,,,,,,,,,,,,,,,,,
ORD00345,30-06-2025,Water Bottle,Accessories,Meera Krishnan,South,7,3947.05,4306.4,20,-359.35,-0.091042677,,,,,,,,,,,,,,,,,
ORD00346,03-05-2025,Desk,Furniture,Vikram Singh,North,10,6917.37,5942.7,5,974.67,0.140901817,,,,,,,,,,,,,,,,,
ORD00347,02-11-2025,Headphones,Electronics,Rahul Verma,West,6,4197,4179,20,18,0.004288778,,,,,,,,,,,,,,,,,
ORD00348,27-11-2025,Pen Set,Stationery,Rahul Verma,South,3,1625.74,1475.4,20,150.34,0.092474811,,,,,,,,,,,,,,,,,
ORD00349,14-11-2025,Printer,Electronics,Aarav Sharma,East,5,962.66,744.45,10,218.21,0.226674007,,,,,,,,,,,,,,,,,
ORD00350,16-09-2025,Laptop,Electronics,Meera Krishnan,West,8,1466.45,1161.36,15,305.09,0.208046643,,,,,,,,,,,,,,,,,
ORD00351,12-02-2025,Printer,Electronics,Sneha Reddy,North,7,5496.19,4991.28,15,504.91,0.091865456,,,,,,,,,,,,,,,,,
ORD00352,28-03-2025,Office Chair,Furniture,Meera Krishnan,West,5,264.66,211.85,5,52.81,0.199539031,,,,,,,,,,,,,,,,,
ORD00353,06-10-2025,Backpack,Accessories,Neha Patel,North,9,1326.33,1098.72,0,227.61,0.171608876,,,,,,,,,,,,,,,,,
ORD00354,01-12-2025,Printer,Electronics,Ananya Iyer,East,9,1975.76,2037.24,15,-61.48,-0.03111714,,,,,,,,,,,,,,,,,
ORD00355,02-03-2025,Laptop,Electronics,Ananya Iyer,South,8,2757.3,2161.52,0,595.78,0.216073695,,,,,,,,,,,,,,,,,
ORD00356,26-03-2025,Water Bottle,Accessories,Sneha Reddy,South,6,5601.48,5174.64,20,426.84,0.07620129,,,,,,,,,,,,,,,,,
ORD00357,24-05-2025,Office Chair,Furniture,Sneha Reddy,South,4,3204.57,3229.56,20,-24.99,-0.007798238,,,,,,,,,,,,,,,,,
ORD00358,21-09-2025,Notebook,Stationery,Priya Nair,South,5,1975.57,1482.2,10,493.37,0.249735519,,,,,,,,,,,,,,,,,
ORD00359,09-03-2025,Pen Set,Stationery,Ananya Iyer,South,1,1301.78,992.56,5,309.22,0.237536296,,,,,,,,,,,,,,,,,
ORD00360,23-10-2025,Notebook,Stationery,Vikram Singh,West,4,3365.31,3055.44,15,309.87,0.092077699,,,,,,,,,,,,,,,,,
ORD00361,23-05-2025,Pen Set,Stationery,Neha Patel,West,8,855.15,678.08,0,177.07,0.207063088,,,,,,,,,,,,,,,,,
ORD00362,23-08-2025,Printer,Electronics,Neha Patel,North,6,4896.75,3516.84,0,1379.91,0.281801195,,,,,,,,,,,,,,,,,
ORD00363,11-09-2025,Backpack,Accessories,Vikram Singh,East,7,1919.86,1579.55,15,340.31,0.177257717,,,,,,,,,,,,,,,,,
ORD00364,06-09-2025,Desk,Furniture,Neha Patel,North,6,4172.35,3311.04,5,861.31,0.206432826,,,,,,,,,,,,,,,,,
ORD00365,22-03-2025,Laptop,Electronics,Meera Krishnan,West,2,1184.92,1259.84,15,-74.92,-0.063227897,,,,,,,,,,,,,,,,,
ORD00366,04-06-2025,Laptop,Electronics,Rahul Verma,East,7,2031.82,1472.1,5,559.72,0.275477158,,,,,,,,,,,,,,,,,
ORD00367,29-11-2025,Smartphone,Electronics,Rahul Verma,North,6,1902.03,1547.34,10,354.69,0.186479709,,,,,,,,,,,,,,,,,
ORD00368,16-02-2025,Pen Set,Stationery,Priya Nair,North,5,4401.92,3643.65,5,758.27,0.172258923,,,,,,,,,,,,,,,,,
ORD00369,15-12-2025,Office Chair,Furniture,Meera Krishnan,North,8,664.08,697.28,20,-33.2,-0.049993977,,,,,,,,,,,,,,,,,
ORD00370,02-09-2025,Laptop,Electronics,Priya Nair,South,6,5753.73,4913.64,15,840.09,0.146007894,,,,,,,,,,,,,,,,,
ORD00371,08-07-2025,Pen Set,Stationery,Vikram Singh,South,2,1674.17,1466.92,0,207.25,0.123792685,,,,,,,,,,,,,,,,,
ORD00372,16-10-2025,Pen Set,Stationery,Aarav Sharma,South,3,2072.89,1935.48,5,137.41,0.066289094,,,,,,,,,,,,,,,,,
ORD00373,12-11-2025,Printer,Electronics,Meera Krishnan,South,6,6068.09,4351.26,5,1716.83,0.282927577,,,,,,,,,,,,,,,,,
ORD00374,16-07-2025,Smartphone,Electronics,Neha Patel,West,2,397.04,297.22,0,99.82,0.251410437,,,,,,,,,,,,,,,,,
ORD00375,04-11-2025,Notebook,Stationery,Sneha Reddy,East,3,918.55,765.93,0,152.62,0.166153176,,,,,,,,,,,,,,,,,
ORD00376,20-07-2025,Laptop,Electronics,Vikram Singh,North,5,1112.88,1066.95,20,45.93,0.041271296,,,,,,,,,,,,,,,,,
ORD00377,01-11-2025,Office Chair,Furniture,Priya Nair,North,8,3872.76,3136.24,5,736.52,0.190179614,,,,,,,,,,,,,,,,,
ORD00378,07-10-2025,Notebook,Stationery,Rahul Verma,West,6,856.35,843.96,20,12.39,0.014468383,,,,,,,,,,,,,,,,,
ORD00379,21-01-2025,Smartphone,Electronics,Aarav Sharma,West,1,712.67,591.49,0,121.18,0.170036623,,,,,,,,,,,,,,,,,
ORD00380,05-08-2025,Backpack,Accessories,Arjun Rao,North,5,3558.08,3161.4,20,396.68,0.111487094,,,,,,,,,,,,,,,,,
ORD00381,10-02-2025,Backpack,Accessories,Kiran Gupta,South,9,5691.12,5579.01,10,112.11,0.01969911,,,,,,,,,,,,,,,,,
ORD00382,29-11-2025,Headphones,Electronics,Priya Nair,East,9,3250.35,3001.32,20,249.03,0.076616364,,,,,,,,,,,,,,,,,
ORD00383,01-03-2025,Pen Set,Stationery,Meera Krishnan,North,4,395.86,269.32,0,126.54,0.319658465,,,,,,,,,,,,,,,,,
ORD00384,25-03-2025,Desk,Furniture,Meera Krishnan,East,3,504.63,384.75,5,119.88,0.237560193,,,,,,,,,,,,,,,,,
ORD00385,06-03-2025,Backpack,Accessories,Vikram Singh,North,9,7420.52,7066.44,10,354.08,0.047716333,,,,,,,,,,,,,,,,,
ORD00386,15-05-2025,Laptop,Electronics,Sneha Reddy,North,6,5721.15,4854.24,10,866.91,0.151527228,,,,,,,,,,,,,,,,,
ORD00387,18-10-2025,Printer,Electronics,Rahul Verma,East,8,5362.32,4125.36,0,1236.96,0.230676274,,,,,,,,,,,,,,,,,
ORD00388,01-03-2025,Headphones,Electronics,Ananya Iyer,North,5,4249.2,3878,20,371.2,0.08735762,,,,,,,,,,,,,,,,,
ORD00389,18-03-2025,Laptop,Electronics,Rahul Verma,North,1,266.92,252.11,15,14.81,0.055484789,,,,,,,,,,,,,,,,,
ORD00390,13-06-2025,Backpack,Accessories,Vikram Singh,North,7,1956.23,1625.89,5,330.34,0.168865624,,,,,,,,,,,,,,,,,
ORD00391,22-09-2025,Water Bottle,Accessories,Aarav Sharma,West,6,901.37,769.26,0,132.11,0.146565783,,,,,,,,,,,,,,,,,
ORD00392,11-10-2025,Smartphone,Electronics,Meera Krishnan,North,8,7687.18,6938.96,10,748.22,0.097333482,,,,,,,,,,,,,,,,,
ORD00393,05-05-2025,Notebook,Stationery,Meera Krishnan,East,4,1500.86,1194.72,10,306.14,0.203976387,,,,,,,,,,,,,,,,,
ORD00394,07-10-2025,Water Bottle,Accessories,Ananya Iyer,South,8,10563.5,7982.48,5,2581.02,0.244333791,,,,,,,,,,,,,,,,,
ORD00395,22-12-2025,Laptop,Electronics,Aarav Sharma,East,7,233.53,235.69,20,-2.16,-0.009249347,,,,,,,,,,,,,,,,,
ORD00396,29-09-2025,Laptop,Electronics,Ananya Iyer,West,7,6116.9,5953.64,10,163.26,0.02668999,,,,,,,,,,,,,,,,,
ORD00397,17-02-2025,Printer,Electronics,Aarav Sharma,South,1,1279.69,972.83,5,306.86,0.23979245,,,,,,,,,,,,,,,,,
ORD00398,13-02-2025,Backpack,Accessories,Sneha Reddy,North,7,5690.77,4926.88,10,763.89,0.134233153,,,,,,,,,,,,,,,,,
ORD00399,18-10-2025,Backpack,Accessories,Aarav Sharma,West,3,1846.47,1922.52,15,-76.05,-0.041186697,,,,,,,,,,,,,,,,,
ORD00400,21-07-2025,Headphones,Electronics,Neha Patel,East,4,1581.49,1195.04,10,386.45,0.244358169,,,,,,,,,,,,,,,,,
ORD00401,27-10-2025,Printer,Electronics,Priya Nair,South,5,1323.09,1206.4,5,116.69,0.088195059,,,,,,,,,,,,,,,,,
ORD00402,02-10-2025,Smartphone,Electronics,Neha Patel,South,3,1551.35,1365.21,10,186.14,0.119985819,,,,,,,,,,,,,,,,,
ORD00403,18-12-2025,Printer,Electronics,Vikram Singh,North,5,2662.67,2343.55,0,319.12,0.119849625,,,,,,,,,,,,,,,,,
ORD00404,22-07-2025,Office Chair,Furniture,Kiran Gupta,North,6,1329.68,941.04,5,388.64,0.29228085,,,,,,,,,,,,,,,,,
ORD00405,27-07-2025,Desk,Furniture,Meera Krishnan,South,5,4342.91,4109.45,5,233.46,0.053756583,,,,,,,,,,,,,,,,,
ORD00406,01-02-2025,Smartphone,Electronics,Ananya Iyer,South,8,967.98,887.12,5,80.86,0.083534784,,,,,,,,,,,,,,,,,
ORD00407,13-05-2025,Office Chair,Furniture,Priya Nair,North,7,3531.78,2649.64,0,882.14,0.24977207,,,,,,,,,,,,,,,,,
ORD00408,17-02-2025,Smartphone,Electronics,Neha Patel,North,4,4373.38,3613.88,15,759.5,0.173664305,,,,,,,,,,,,,,,,,
ORD00409,22-07-2025,Laptop,Electronics,Meera Krishnan,North,8,489.99,481.04,20,8.95,0.018265679,,,,,,,,,,,,,,,,,
ORD00410,21-05-2025,Pen Set,Stationery,Vikram Singh,West,7,1762.11,1267.56,5,494.55,0.280657848,,,,,,,,,,,,,,,,,
ORD00411,01-06-2025,Headphones,Electronics,Meera Krishnan,West,1,592.42,617.97,20,-25.55,-0.043128186,,,,,,,,,,,,,,,,,
ORD00412,03-08-2025,Backpack,Accessories,Ananya Iyer,South,8,634.95,562.96,10,71.99,0.113379006,,,,,,,,,,,,,,,,,
ORD00413,06-09-2025,Backpack,Accessories,Neha Patel,East,1,1150.49,989.51,10,160.98,0.139922989,,,,,,,,,,,,,,,,,
ORD00414,16-01-2025,Pen Set,Stationery,Vikram Singh,North,5,1132.78,940.1,10,192.68,0.170094811,,,,,,,,,,,,,,,,,
ORD00415,23-03-2025,Printer,Electronics,Priya Nair,South,9,3929.27,3274.74,20,654.53,0.166578016,,,,,,,,,,,,,,,,,
ORD00416,23-04-2025,Office Chair,Furniture,Sneha Reddy,West,5,3783.58,2691.75,0,1091.83,0.288570613,,,,,,,,,,,,,,,,,
ORD00417,24-12-2025,Notebook,Stationery,Neha Patel,North,3,542.93,553.02,20,-10.09,-0.018584348,,,,,,,,,,,,,,,,,
ORD00418,10-09-2025,Notebook,Stationery,Kiran Gupta,East,10,6721.8,5679.7,20,1042.1,0.155032878,,,,,,,,,,,,,,,,,
ORD00419,23-04-2025,Headphones,Electronics,Aarav Sharma,West,8,454.12,380.64,0,73.48,0.161807452,,,,,,,,,,,,,,,,,
ORD00420,24-06-2025,Laptop,Electronics,Rahul Verma,East,6,7449.62,5512.32,5,1937.3,0.260053533,,,,,,,,,,,,,,,,,
ORD00421,27-09-2025,Laptop,Electronics,Neha Patel,North,1,209.23,156.23,5,53,0.253309755,,,,,,,,,,,,,,,,,
ORD00422,11-03-2025,Notebook,Stationery,Rahul Verma,West,7,4538.59,4131.12,10,407.47,0.089778984,,,,,,,,,,,,,,,,,
ORD00423,11-11-2025,Printer,Electronics,Neha Patel,South,6,1206.36,1094.76,20,111.6,0.092509699,,,,,,,,,,,,,,,,,
ORD00424,01-01-2025,Water Bottle,Accessories,Sneha Reddy,West,3,1195.16,1153.8,10,41.36,0.034606245,,,,,,,,,,,,,,,,,
ORD00425,10-11-2025,Water Bottle,Accessories,Ananya Iyer,North,1,251.44,190.26,10,61.18,0.243318486,,,,,,,,,,,,,,,,,
ORD00426,13-06-2025,Printer,Electronics,Rahul Verma,North,3,1211.43,1013.58,0,197.85,0.163319383,,,,,,,,,,,,,,,,,
ORD00427,04-02-2025,Notebook,Stationery,Neha Patel,East,8,194.04,170.24,5,23.8,0.122655123,,,,,,,,,,,,,,,,,
ORD00428,27-03-2025,Smartphone,Electronics,Arjun Rao,West,1,68.29,57.67,15,10.62,0.155513252,,,,,,,,,,,,,,,,,
ORD00429,23-10-2025,Pen Set,Stationery,Ananya Iyer,South,6,4728.84,3303.36,0,1425.48,0.301443906,,,,,,,,,,,,,,,,,
ORD00430,13-06-2025,Printer,Electronics,Vikram Singh,North,2,1951.66,1602.4,0,349.26,0.178955351,,,,,,,,,,,,,,,,,
ORD00431,08-02-2025,Smartphone,Electronics,Kiran Gupta,North,6,1059.38,1070.4,15,-11.02,-0.010402311,,,,,,,,,,,,,,,,,
ORD00432,09-08-2025,Notebook,Stationery,Rahul Verma,West,10,11574.07,9854.2,15,1719.87,0.14859682,,,,,,,,,,,,,,,,,
ORD00433,29-07-2025,Headphones,Electronics,Kiran Gupta,East,1,156.03,110.25,5,45.78,0.293405114,,,,,,,,,,,,,,,,,
ORD00434,09-10-2025,Desk,Furniture,Meera Krishnan,South,5,1541.09,1225.85,0,315.24,0.204556515,,,,,,,,,,,,,,,,,
ORD00435,05-12-2025,Laptop,Electronics,Sneha Reddy,West,6,100.69,82.68,0,18.01,0.178865826,,,,,,,,,,,,,,,,,
ORD00436,11-02-2025,Office Chair,Furniture,Meera Krishnan,North,2,91.36,70.96,5,20.4,0.223292469,,,,,,,,,,,,,,,,,
ORD00437,06-10-2025,Desk,Furniture,Arjun Rao,South,7,3409.72,3333.68,10,76.04,0.022300951,,,,,,,,,,,,,,,,,
ORD00438,14-08-2025,Notebook,Stationery,Meera Krishnan,East,7,2498.92,2629.97,15,-131.05,-0.052442655,,,,,,,,,,,,,,,,,
ORD00439,08-12-2025,Office Chair,Furniture,Priya Nair,North,5,3783.6,2843,5,940.6,0.248599218,,,,,,,,,,,,,,,,,
ORD00440,01-02-2025,Notebook,Stationery,Arjun Rao,West,9,3600.31,3778.65,20,-178.34,-0.049534623,,,,,,,,,,,,,,,,,
ORD00441,10-02-2025,Backpack,Accessories,Arjun Rao,North,8,5659.02,4615.92,5,1043.1,0.184325201,,,,,,,,,,,,,,,,,
ORD00442,14-11-2025,Backpack,Accessories,Rahul Verma,North,10,9887.2,9014.5,20,872.7,0.088265636,,,,,,,,,,,,,,,,,
ORD00443,09-04-2025,Printer,Electronics,Rahul Verma,North,3,4029.28,2848.71,5,1180.57,0.292997756,,,,,,,,,,,,,,,,,
ORD00444,18-11-2025,Pen Set,Stationery,Rahul Verma,East,2,1984.02,1976.8,15,7.22,0.003639076,,,,,,,,,,,,,,,,,
ORD00445,16-06-2025,Notebook,Stationery,Vikram Singh,West,2,193.7,192.32,20,1.38,0.007124419,,,,,,,,,,,,,,,,,
ORD00446,18-03-2025,Laptop,Electronics,Rahul Verma,North,10,5758.76,5917,15,-158.24,-0.027478138,,,,,,,,,,,,,,,,,
ORD00447,26-06-2025,Smartphone,Electronics,Arjun Rao,East,10,10180.66,7817.5,10,2363.16,0.232122475,,,,,,,,,,,,,,,,,
ORD00448,22-05-2025,Pen Set,Stationery,Arjun Rao,South,8,4369.45,4610.4,15,-240.95,-0.05514424,,,,,,,,,,,,,,,,,
ORD00449,19-06-2025,Water Bottle,Accessories,Ananya Iyer,North,10,6485.59,6840,15,-354.41,-0.054645761,,,,,,,,,,,,,,,,,
ORD00450,05-06-2025,Printer,Electronics,Vikram Singh,East,5,5546.18,4490.3,0,1055.88,0.190379685,,,,,,,,,,,,,,,,,
ORD00451,15-08-2025,Printer,Electronics,Neha Patel,East,2,2132.44,1945.54,5,186.9,0.087646077,,,,,,,,,,,,,,,,,
ORD00452,28-07-2025,Pen Set,Stationery,Meera Krishnan,East,10,7872.62,6491,5,1381.62,0.175496849,,,,,,,,,,,,,,,,,
ORD00453,17-09-2025,Laptop,Electronics,Arjun Rao,South,9,8745.29,7142.22,0,1603.07,0.183306671,,,,,,,,,,,,,,,,,
ORD00454,13-04-2025,Backpack,Accessories,Aarav Sharma,South,10,532.57,386.6,5,145.97,0.274086036,,,,,,,,,,,,,,,,,
ORD00455,21-05-2025,Laptop,Electronics,Neha Patel,West,8,597.46,480.4,10,117.06,0.195929435,,,,,,,,,,,,,,,,,
ORD00456,04-05-2025,Backpack,Accessories,Neha Patel,West,7,6139.63,4473.42,0,1666.21,0.271386061,,,,,,,,,,,,,,,,,
ORD00457,29-06-2025,Water Bottle,Accessories,Neha Patel,South,8,1686.47,1486.48,15,199.99,0.118584973,,,,,,,,,,,,,,,,,
ORD00458,20-10-2025,Desk,Furniture,Ananya Iyer,South,2,556.32,584.44,15,-28.12,-0.050546448,,,,,,,,,,,,,,,,,
ORD00459,16-12-2025,Office Chair,Furniture,Aarav Sharma,West,4,1226.64,1105.56,15,121.08,0.098708668,,,,,,,,,,,,,,,,,
ORD00460,08-11-2025,Headphones,Electronics,Vikram Singh,East,3,2159.42,1815.39,0,344.03,0.159315927,,,,,,,,,,,,,,,,,
ORD00461,27-08-2025,Pen Set,Stationery,Vikram Singh,West,7,6094.98,5971.49,15,123.49,0.020260936,,,,,,,,,,,,,,,,,
ORD00462,01-11-2025,Water Bottle,Accessories,Sneha Reddy,East,2,41.18,34.54,10,6.64,0.161243322,,,,,,,,,,,,,,,,,
ORD00463,24-11-2025,Desk,Furniture,Neha Patel,East,2,1310.6,973.84,10,336.76,0.256951015,,,,,,,,,,,,,,,,,
ORD00464,30-01-2025,Desk,Furniture,Sneha Reddy,West,5,1105.15,982.4,20,122.75,0.111070895,,,,,,,,,,,,,,,,,
ORD00465,13-05-2025,Notebook,Stationery,Arjun Rao,West,3,2767.7,2172.21,15,595.49,0.21515699,,,,,,,,,,,,,,,,,
ORD00466,25-06-2025,Pen Set,Stationery,Ananya Iyer,West,1,670.06,587.19,20,82.87,0.123675492,,,,,,,,,,,,,,,,,
ORD00467,13-10-2025,Notebook,Stationery,Rahul Verma,East,9,3772.29,2764.71,5,1007.58,0.267100355,,,,,,,,,,,,,,,,,
ORD00468,14-10-2025,Smartphone,Electronics,Rahul Verma,East,8,1367.77,1093.28,10,274.49,0.200684326,,,,,,,,,,,,,,,,,
ORD00469,19-06-2025,Smartphone,Electronics,Neha Patel,East,4,1651.47,1446.92,10,204.55,0.12385935,,,,,,,,,,,,,,,,,
ORD00470,21-11-2025,Water Bottle,Accessories,Sneha Reddy,North,5,3021.64,2345.6,0,676.04,0.223732807,,,,,,,,,,,,,,,,,
ORD00471,31-07-2025,Printer,Electronics,Aarav Sharma,South,4,2254.69,2021.88,15,232.81,0.10325588,,,,,,,,,,,,,,,,,
ORD00472,23-08-2025,Headphones,Electronics,Rahul Verma,East,4,1628.45,1396.96,20,231.49,0.142153582,,,,,,,,,,,,,,,,,
ORD00473,30-01-2025,Headphones,Electronics,Aarav Sharma,West,2,1147.12,985.42,5,161.7,0.140961713,,,,,,,,,,,,,,,,,
ORD00474,23-03-2025,Desk,Furniture,Meera Krishnan,North,4,3860.62,3054.32,5,806.3,0.208852464,,,,,,,,,,,,,,,,,
ORD00475,02-09-2025,Headphones,Electronics,Arjun Rao,North,10,4710.72,4393.7,15,317.02,0.067297568,,,,,,,,,,,,,,,,,
ORD00476,14-06-2025,Laptop,Electronics,Kiran Gupta,South,9,2486.6,1866.78,10,619.82,0.249264055,,,,,,,,,,,,,,,,,
ORD00477,26-06-2025,Laptop,Electronics,Vikram Singh,South,1,712.99,630.42,5,82.57,0.115808076,,,,,,,,,,,,,,,,,
ORD00478,24-01-2025,Smartphone,Electronics,Vikram Singh,East,7,3736.46,3558.1,10,178.36,0.047735022,,,,,,,,,,,,,,,,,
ORD00479,18-12-2025,Printer,Electronics,Rahul Verma,East,9,6193.27,5403.69,10,789.58,0.127490001,,,,,,,,,,,,,,,,,
ORD00480,26-07-2025,Printer,Electronics,Aarav Sharma,South,6,6345.73,4515.66,5,1830.07,0.288393928,,,,,,,,,,,,,,,,,
ORD00481,28-03-2025,Office Chair,Furniture,Priya Nair,East,3,877.99,657.24,0,220.75,0.251426554,,,,,,,,,,,,,,,,,
ORD00482,16-11-2025,Laptop,Electronics,Aarav Sharma,North,7,7789.02,6144.46,10,1644.56,0.211138243,,,,,,,,,,,,,,,,,
ORD00483,14-07-2025,Smartphone,Electronics,Priya Nair,East,1,73.15,57.75,0,15.4,0.210526316,,,,,,,,,,,,,,,,,
ORD00484,05-12-2025,Printer,Electronics,Priya Nair,East,3,781.48,640.32,0,141.16,0.180631622,,,,,,,,,,,,,,,,,
ORD00485,23-02-2025,Water Bottle,Accessories,Kiran Gupta,North,10,8567.24,7037.2,15,1530.04,0.178591939,,,,,,,,,,,,,,,,,
ORD00486,13-04-2025,Desk,Furniture,Vikram Singh,South,2,1577.82,1573.82,15,4,0.002535143,,,,,,,,,,,,,,,,,
ORD00487,17-04-2025,Notebook,Stationery,Meera Krishnan,East,7,2792.6,2116.8,0,675.8,0.241996706,,,,,,,,,,,,,,,,,
ORD00488,21-10-2025,Office Chair,Furniture,Meera Krishnan,South,1,33.09,22.62,0,10.47,0.316409791,,,,,,,,,,,,,,,,,
ORD00489,26-11-2025,Smartphone,Electronics,Ananya Iyer,West,9,1109.15,758.7,0,350.45,0.315962674,,,,,,,,,,,,,,,,,
ORD00490,21-01-2025,Desk,Furniture,Vikram Singh,East,5,3346.75,2348.15,0,998.6,0.298379024,,,,,,,,,,,,,,,,,
ORD00491,24-01-2025,Notebook,Stationery,Aarav Sharma,South,7,7473.38,5188.05,0,2285.33,0.305796039,,,,,,,,,,,,,,,,,
ORD00492,18-05-2025,Headphones,Electronics,Priya Nair,East,6,2750.87,2183.7,15,567.17,0.206178409,,,,,,,,,,,,,,,,,
ORD00493,20-05-2025,Notebook,Stationery,Arjun Rao,West,3,464.57,368.07,15,96.5,0.207718966,,,,,,,,,,,,,,,,,
ORD00494,23-03-2025,Pen Set,Stationery,Priya Nair,West,3,545.99,365.79,0,180.2,0.330042675,,,,,,,,,,,,,,,,,
ORD00495,14-07-2025,Water Bottle,Accessories,Neha Patel,North,8,6412.23,6433.92,15,-21.69,-0.003382599,,,,,,,,,,,,,,,,,
ORD00496,14-08-2025,Headphones,Electronics,Aarav Sharma,North,8,10722.93,7369.52,0,3353.41,0.312732621,,,,,,,,,,,,,,,,,
ORD00497,23-10-2025,Desk,Furniture,Sneha Reddy,South,6,150.2,133.44,20,16.76,0.111584554,,,,,,,,,,,,,,,,,
ORD00498,05-12-2025,Notebook,Stationery,Ananya Iyer,West,9,4325.52,4750.83,20,-425.31,-0.09832575,,,,,,,,,,,,,,,,,
ORD00499,10-11-2025,Notebook,Stationery,Aarav Sharma,North,7,1282.23,1100.19,20,182.04,0.141971409,,,,,,,,,,,,,,,,,
ORD00500,08-02-2025,Headphones,Electronics,Meera Krishnan,East,9,9418.09,7653.24,15,1764.85,0.187389375,,,,,,,,,,,,,,,,,
ORD00501,09-10-2025,Office Chair,Furniture,Arjun Rao,West,6,7585.57,5822.64,0,1762.93,0.232405739,,,,,,,,,,,,,,,,,
ORD00502,13-09-2025,Office Chair,Furniture,Meera Krishnan,East,2,950.73,929,20,21.73,0.022856121,,,,,,,,,,,,,,,,,
ORD00503,31-07-2025,Smartphone,Electronics,Aarav Sharma,North,8,6826.17,5982.32,0,843.85,0.123619834,,,,,,,,,,,,,,,,,
ORD00504,15-10-2025,Smartphone,Electronics,Ananya Iyer,West,10,12626.61,9635.4,10,2991.21,0.236897314,,,,,,,,,,,,,,,,,
ORD00505,19-06-2025,Notebook,Stationery,Kiran Gupta,West,6,6777.79,4962.36,5,1815.43,0.267849845,,,,,,,,,,,,,,,,,
ORD00506,01-07-2025,Notebook,Stationery,Vikram Singh,East,8,1028.1,983.04,5,45.06,0.043828421,,,,,,,,,,,,,,,,,
ORD00507,29-07-2025,Smartphone,Electronics,Priya Nair,East,1,882.42,897.91,15,-15.49,-0.017553999,,,,,,,,,,,,,,,,,
ORD00508,08-04-2025,Water Bottle,Accessories,Neha Patel,North,4,789.18,782.68,15,6.5,0.008236397,,,,,,,,,,,,,,,,,
ORD00509,19-08-2025,Pen Set,Stationery,Meera Krishnan,South,1,852.64,927.36,20,-74.72,-0.087633702,,,,,,,,,,,,,,,,,
ORD00510,10-08-2025,Printer,Electronics,Sneha Reddy,West,1,706.97,535.06,0,171.91,0.243164491,,,,,,,,,,,,,,,,,
ORD00511,07-03-2025,Backpack,Accessories,Priya Nair,West,3,2757.2,2084.7,5,672.5,0.243906862,,,,,,,,,,,,,,,,,
ORD00512,03-08-2025,Water Bottle,Accessories,Sneha Reddy,South,10,10270.97,8838.7,20,1432.27,0.139448368,,,,,,,,,,,,,,,,,
ORD00513,10-03-2025,Desk,Furniture,Rahul Verma,West,7,7780.29,6747.72,10,1032.57,0.132716133,,,,,,,,,,,,,,,,,
ORD00514,31-12-2025,Water Bottle,Accessories,Kiran Gupta,South,9,3181.21,2753.28,20,427.93,0.134517998,,,,,,,,,,,,,,,,,
ORD00515,11-12-2025,Office Chair,Furniture,Rahul Verma,South,4,3107.45,2511.72,10,595.73,0.191710245,,,,,,,,,,,,,,,,,
ORD00516,30-06-2025,Backpack,Accessories,Kiran Gupta,West,9,7818.59,6276.33,10,1542.26,0.197255515,,,,,,,,,,,,,,,,,
ORD00517,01-10-2025,Water Bottle,Accessories,Vikram Singh,West,10,10981.72,9432.5,15,1549.22,0.141072619,,,,,,,,,,,,,,,,,
ORD00518,10-12-2025,Laptop,Electronics,Aarav Sharma,South,9,1022.5,1038.69,15,-16.19,-0.015833741,,,,,,,,,,,,,,,,,
ORD00519,01-02-2025,Desk,Furniture,Vikram Singh,South,3,3077.15,2951.1,10,126.05,0.040963229,,,,,,,,,,,,,,,,,
ORD00520,12-12-2025,Backpack,Accessories,Kiran Gupta,South,1,354.09,365.1,15,-11.01,-0.03109379,,,,,,,,,,,,,,,,,
ORD00521,25-01-2025,Backpack,Accessories,Arjun Rao,West,7,2127.58,1716.54,10,411.04,0.193196026,,,,,,,,,,,,,,,,,
ORD00522,09-05-2025,Pen Set,Stationery,Ananya Iyer,West,6,6406.79,5797.02,0,609.77,0.095175587,,,,,,,,,,,,,,,,,
ORD00523,11-04-2025,Office Chair,Furniture,Ananya Iyer,East,6,5074,4545.36,20,528.64,0.104186047,,,,,,,,,,,,,,,,,
ORD00524,30-03-2025,Printer,Electronics,Kiran Gupta,North,3,3466.64,2950.86,0,515.78,0.148783837,,,,,,,,,,,,,,,,,
ORD00525,24-03-2025,Pen Set,Stationery,Sneha Reddy,East,1,418.83,434.22,20,-15.39,-0.036745219,,,,,,,,,,,,,,,,,
ORD00526,15-06-2025,Laptop,Electronics,Sneha Reddy,North,6,3000.32,2830.02,5,170.3,0.056760612,,,,,,,,,,,,,,,,,
ORD00527,07-02-2025,Water Bottle,Accessories,Neha Patel,South,5,2617.16,2478.25,20,138.91,0.053076617,,,,,,,,,,,,,,,,,
ORD00528,06-10-2025,Headphones,Electronics,Kiran Gupta,West,9,649.29,697.41,20,-48.12,-0.074111722,,,,,,,,,,,,,,,,,
ORD00529,19-06-2025,Smartphone,Electronics,Neha Patel,East,6,1782.09,1373.94,5,408.15,0.229028837,,,,,,,,,,,,,,,,,
ORD00530,29-11-2025,Office Chair,Furniture,Aarav Sharma,North,10,6120.33,5351.9,20,768.43,0.125553687,,,,,,,,,,,,,,,,,
ORD00531,05-05-2025,Notebook,Stationery,Aarav Sharma,East,8,2328.56,1983.52,20,345.04,0.148177414,,,,,,,,,,,,,,,,,
ORD00532,13-01-2025,Pen Set,Stationery,Kiran Gupta,East,2,871.6,784.04,20,87.56,0.100458926,,,,,,,,,,,,,,,,,
ORD00533,30-11-2025,Backpack,Accessories,Ananya Iyer,East,9,4947.29,4059.9,0,887.39,0.179368907,,,,,,,,,,,,,,,,,
ORD00534,03-10-2025,Backpack,Accessories,Kiran Gupta,North,2,2683.42,1897.46,5,785.96,0.292894888,,,,,,,,,,,,,,,,,
ORD00535,06-08-2025,Smartphone,Electronics,Priya Nair,South,4,3701.41,2694.52,5,1006.89,0.272028767,,,,,,,,,,,,,,,,,
ORD00536,20-03-2025,Backpack,Accessories,Aarav Sharma,West,7,6365.32,4550.7,0,1814.62,0.285079148,,,,,,,,,,,,,,,,,
ORD00537,09-05-2025,Notebook,Stationery,Kiran Gupta,North,1,113.2,96.65,0,16.55,0.146201413,,,,,,,,,,,,,,,,,
ORD00538,19-11-2025,Water Bottle,Accessories,Arjun Rao,West,4,3891.65,3647.52,15,244.13,0.062731746,,,,,,,,,,,,,,,,,
ORD00539,25-11-2025,Notebook,Stationery,Sneha Reddy,North,1,519.81,395.61,0,124.2,0.238933456,,,,,,,,,,,,,,,,,
ORD00540,15-09-2025,Water Bottle,Accessories,Priya Nair,East,1,874.97,703.87,0,171.1,0.195549562,,,,,,,,,,,,,,,,,
ORD00541,05-12-2025,Desk,Furniture,Aarav Sharma,West,10,1018.26,956.4,15,61.86,0.060750692,,,,,,,,,,,,,,,,,
ORD00542,07-10-2025,Headphones,Electronics,Vikram Singh,South,9,2470.93,2049.03,15,421.9,0.170745428,,,,,,,,,,,,,,,,,
ORD00543,12-10-2025,Desk,Furniture,Rahul Verma,North,6,7594.04,5746.92,0,1847.12,0.243232851,,,,,,,,,,,,,,,,,
ORD00544,13-02-2025,Laptop,Electronics,Vikram Singh,South,1,644.86,576.99,15,67.87,0.105247651,,,,,,,,,,,,,,,,,
ORD00545,05-04-2025,Notebook,Stationery,Ananya Iyer,East,4,1549.54,1674.12,20,-124.58,-0.080398054,,,,,,,,,,,,,,,,,
ORD00546,09-10-2025,Office Chair,Furniture,Meera Krishnan,North,2,436.97,379.08,20,57.89,0.132480491,,,,,,,,,,,,,,,,,
ORD00547,07-09-2025,Desk,Furniture,Neha Patel,East,2,681.97,516.36,5,165.61,0.242840594,,,,,,,,,,,,,,,,,
ORD00548,10-04-2025,Headphones,Electronics,Neha Patel,West,4,393.56,436.16,20,-42.6,-0.108242708,,,,,,,,,,,,,,,,,
ORD00549,20-03-2025,Printer,Electronics,Sneha Reddy,East,6,4612.82,3721.08,10,891.74,0.193317754,,,,,,,,,,,,,,,,,
ORD00550,24-04-2025,Notebook,Stationery,Arjun Rao,East,7,1336.04,1238.65,10,97.39,0.072894524,,,,,,,,,,,,,,,,,
ORD00551,25-08-2025,Notebook,Stationery,Meera Krishnan,East,3,2675.21,2048.34,10,626.87,0.23432553,,,,,,,,,,,,,,,,,
ORD00552,11-02-2025,Desk,Furniture,Vikram Singh,South,8,5740.95,4449.28,5,1291.67,0.224992379,,,,,,,,,,,,,,,,,
ORD00553,10-01-2025,Backpack,Accessories,Kiran Gupta,North,4,1505.59,1082.4,0,423.19,0.281079178,,,,,,,,,,,,,,,,,
ORD00554,19-01-2025,Water Bottle,Accessories,Kiran Gupta,East,10,3897.38,4110.8,20,-213.42,-0.054759864,,,,,,,,,,,,,,,,,
ORD00555,25-04-2025,Backpack,Accessories,Sneha Reddy,East,9,5087.01,4296.42,5,790.59,0.155413494,,,,,,,,,,,,,,,,,
ORD00556,15-09-2025,Headphones,Electronics,Aarav Sharma,South,8,5096.38,4048.88,0,1047.5,0.205538049,,,,,,,,,,,,,,,,,
ORD00557,02-04-2025,Water Bottle,Accessories,Sneha Reddy,South,3,2767.86,2278.89,5,488.97,0.176659947,,,,,,,,,,,,,,,,,
ORD00558,16-05-2025,Printer,Electronics,Neha Patel,South,6,304.26,300.12,15,4.14,0.013606784,,,,,,,,,,,,,,,,,
ORD00559,21-08-2025,Laptop,Electronics,Aarav Sharma,North,4,2362.05,2090.84,10,271.21,0.114819754,,,,,,,,,,,,,,,,,
ORD00560,21-05-2025,Notebook,Stationery,Vikram Singh,South,2,1530.35,1413.4,20,116.95,0.076420427,,,,,,,,,,,,,,,,,
ORD00561,12-07-2025,Pen Set,Stationery,Ananya Iyer,West,7,3399.26,2601.48,0,797.78,0.234692257,,,,,,,,,,,,,,,,,
ORD00562,04-01-2025,Notebook,Stationery,Kiran Gupta,South,6,3650.48,2951.94,15,698.54,0.191355657,,,,,,,,,,,,,,,,,
ORD00563,19-04-2025,Printer,Electronics,Rahul Verma,South,3,774.33,713.07,20,61.26,0.079113556,,,,,,,,,,,,,,,,,
ORD00564,01-08-2025,Headphones,Electronics,Neha Patel,North,6,4961.12,3636,0,1325.12,0.267100977,,,,,,,,,,,,,,,,,
ORD00565,30-07-2025,Printer,Electronics,Aarav Sharma,South,8,3608.86,3873.84,20,-264.98,-0.073424849,,,,,,,,,,,,,,,,,
ORD00566,20-09-2025,Laptop,Electronics,Aarav Sharma,South,3,1899.98,1733.25,5,166.73,0.087753555,,,,,,,,,,,,,,,,,
ORD00567,27-07-2025,Laptop,Electronics,Sneha Reddy,North,3,989.38,797.04,5,192.34,0.194404577,,,,,,,,,,,,,,,,,
ORD00568,04-09-2025,Desk,Furniture,Rahul Verma,South,2,537.59,448.86,20,88.73,0.165051433,,,,,,,,,,,,,,,,,
ORD00569,04-04-2025,Pen Set,Stationery,Sneha Reddy,East,10,1728.56,1512.9,20,215.66,0.124762808,,,,,,,,,,,,,,,,,
ORD00570,28-04-2025,Headphones,Electronics,Arjun Rao,West,6,5920.9,5538.78,20,382.12,0.064537486,,,,,,,,,,,,,,,,,
ORD00571,16-09-2025,Headphones,Electronics,Arjun Rao,South,2,60.99,52.8,20,8.19,0.134284309,,,,,,,,,,,,,,,,,
ORD00572,30-09-2025,Water Bottle,Accessories,Kiran Gupta,North,2,398.01,371.3,20,26.71,0.067108867,,,,,,,,,,,,,,,,,
ORD00573,01-01-2025,Smartphone,Electronics,Arjun Rao,West,8,5581.16,5302.4,20,278.76,0.049946606,,,,,,,,,,,,,,,,,
ORD00574,04-09-2025,Notebook,Stationery,Arjun Rao,East,1,709.8,700.67,15,9.13,0.012862778,,,,,,,,,,,,,,,,,
ORD00575,30-04-2025,Water Bottle,Accessories,Priya Nair,East,10,1218.67,1067.4,5,151.27,0.124127122,,,,,,,,,,,,,,,,,
ORD00576,04-01-2025,Water Bottle,Accessories,Sneha Reddy,North,9,3906.69,3731.04,5,175.65,0.044961336,,,,,,,,,,,,,,,,,
ORD00577,11-06-2025,Backpack,Accessories,Arjun Rao,East,1,498.09,381.28,5,116.81,0.234515851,,,,,,,,,,,,,,,,,
ORD00578,02-10-2025,Smartphone,Electronics,Arjun Rao,East,3,1245.12,1295.43,20,-50.31,-0.040405744,,,,,,,,,,,,,,,,,
ORD00579,31-07-2025,Water Bottle,Accessories,Kiran Gupta,West,5,5910.07,4959.4,15,950.67,0.160855963,,,,,,,,,,,,,,,,,
ORD00580,07-06-2025,Headphones,Electronics,Sneha Reddy,East,6,3452.96,3381,15,71.96,0.020840091,,,,,,,,,,,,,,,,,
ORD00581,17-08-2025,Pen Set,Stationery,Rahul Verma,North,3,3594.84,2569.35,0,1025.49,0.285267216,,,,,,,,,,,,,,,,,
ORD00582,11-11-2025,Office Chair,Furniture,Aarav Sharma,South,9,4677.38,3659.04,10,1018.34,0.217715901,,,,,,,,,,,,,,,,,
ORD00583,04-11-2025,Pen Set,Stationery,Arjun Rao,North,1,987.14,806.33,5,180.81,0.183165508,,,,,,,,,,,,,,,,,
ORD00584,16-07-2025,Smartphone,Electronics,Arjun Rao,East,5,1542.13,1147.75,0,394.38,0.255737195,,,,,,,,,,,,,,,,,
ORD00585,13-08-2025,Water Bottle,Accessories,Aarav Sharma,South,1,1219.08,946.26,5,272.82,0.223791712,,,,,,,,,,,,,,,,,
ORD00586,24-12-2025,Backpack,Accessories,Ananya Iyer,South,5,1057.98,1014,20,43.98,0.041569784,,,,,,,,,,,,,,,,,
ORD00587,14-02-2025,Laptop,Electronics,Vikram Singh,West,6,2207.31,1481.16,0,726.15,0.328975087,,,,,,,,,,,,,,,,,
ORD00588,27-12-2025,Notebook,Stationery,Priya Nair,North,7,3575.97,2879.8,5,696.17,0.194680045,,,,,,,,,,,,,,,,,
ORD00589,28-06-2025,Backpack,Accessories,Neha Patel,East,5,4274.16,3644.4,20,629.76,0.147341232,,,,,,,,,,,,,,,,,
ORD00590,22-10-2025,Office Chair,Furniture,Aarav Sharma,East,10,12053.5,9634.3,15,2419.2,0.200705189,,,,,,,,,,,,,,,,,
ORD00591,31-05-2025,Headphones,Electronics,Neha Patel,North,7,3231.75,3578.26,20,-346.51,-0.107220546,,,,,,,,,,,,,,,,,
ORD00592,15-08-2025,Backpack,Accessories,Arjun Rao,West,5,4211.48,4386.75,20,-175.27,-0.041617199,,,,,,,,,,,,,,,,,
ORD00593,28-10-2025,Office Chair,Furniture,Aarav Sharma,West,6,6731.85,5769.78,15,962.07,0.142913167,,,,,,,,,,,,,,,,,
ORD00594,28-04-2025,Smartphone,Electronics,Neha Patel,West,5,500.58,384.4,5,116.18,0.232090775,,,,,,,,,,,,,,,,,
ORD00595,17-02-2025,Notebook,Stationery,Arjun Rao,East,9,5248.67,4862.7,10,385.97,0.073536725,,,,,,,,,,,,,,,,,
ORD00596,22-04-2025,Smartphone,Electronics,Sneha Reddy,East,9,8738.67,8388.72,15,349.95,0.04004614,,,,,,,,,,,,,,,,,
ORD00597,04-05-2025,Headphones,Electronics,Vikram Singh,South,4,2286.69,2016.04,5,270.65,0.118358851,,,,,,,,,,,,,,,,,
ORD00598,24-02-2025,Office Chair,Furniture,Priya Nair,North,4,3326.04,3346.36,20,-20.32,-0.006109367,,,,,,,,,,,,,,,,,
ORD00599,04-09-2025,Printer,Electronics,Neha Patel,East,10,196.49,165.6,20,30.89,0.157209018,,,,,,,,,,,,,,,,,
ORD00600,19-09-2025,Printer,Electronics,Vikram Singh,West,10,8676.23,8700.8,15,-24.57,-0.002831875,,,,,,,,,,,,,,,,,
ORD00601,02-09-2025,Office Chair,Furniture,Kiran Gupta,North,10,1555.55,1369.6,20,185.95,0.119539713,,,,,,,,,,,,,,,,,
ORD00602,03-03-2025,Backpack,Accessories,Kiran Gupta,West,6,2923.35,2398.68,5,524.67,0.179475602,,,,,,,,,,,,,,,,,
ORD00603,21-02-2025,Notebook,Stationery,Neha Patel,East,1,25.81,21.7,5,4.11,0.159240604,,,,,,,,,,,,,,,,,
ORD00604,30-08-2025,Water Bottle,Accessories,Sneha Reddy,East,5,1049.99,976.4,10,73.59,0.070086382,,,,,,,,,,,,,,,,,
ORD00605,10-07-2025,Notebook,Stationery,Neha Patel,West,3,1820.04,1511.34,5,308.7,0.169611657,,,,,,,,,,,,,,,,,
ORD00606,18-12-2025,Desk,Furniture,Ananya Iyer,North,8,2132.37,1504.72,5,627.65,0.294343852,,,,,,,,,,,,,,,,,
ORD00607,18-03-2025,Desk,Furniture,Meera Krishnan,North,4,2242.88,2239.16,15,3.72,0.001658582,,,,,,,,,,,,,,,,,
ORD00608,11-06-2025,Headphones,Electronics,Meera Krishnan,East,7,3711.9,3532.2,20,179.7,0.048411865,,,,,,,,,,,,,,,,,
ORD00609,20-12-2025,Desk,Furniture,Rahul Verma,North,9,9746.55,7739.28,0,2007.27,0.20594672,,,,,,,,,,,,,,,,,
ORD00610,21-06-2025,Office Chair,Furniture,Vikram Singh,East,5,3083.19,2408.85,0,674.34,0.218715032,,,,,,,,,,,,,,,,,
ORD00611,30-07-2025,Notebook,Stationery,Priya Nair,East,9,5633.26,5057.28,10,575.98,0.102246301,,,,,,,,,,,,,,,,,
ORD00612,26-05-2025,Water Bottle,Accessories,Neha Patel,East,4,2175.26,2324.36,20,-149.1,-0.06854353,,,,,,,,,,,,,,,,,
ORD00613,15-07-2025,Backpack,Accessories,Sneha Reddy,East,8,7692.14,6216,15,1476.14,0.191902383,,,,,,,,,,,,,,,,,
ORD00614,10-11-2025,Printer,Electronics,Sneha Reddy,West,3,2978.8,2608.74,10,370.06,0.124231234,,,,,,,,,,,,,,,,,
ORD00615,01-12-2025,Smartphone,Electronics,Vikram Singh,East,2,396.69,340.76,5,55.93,0.140991706,,,,,,,,,,,,,,,,,
ORD00616,05-07-2025,Water Bottle,Accessories,Sneha Reddy,West,7,2340.77,1949.78,15,390.99,0.167034779,,,,,,,,,,,,,,,,,
ORD00617,01-05-2025,Pen Set,Stationery,Vikram Singh,North,3,662.58,576.15,0,86.43,0.130444626,,,,,,,,,,,,,,,,,
ORD00618,31-08-2025,Office Chair,Furniture,Kiran Gupta,North,3,1361.02,1209.24,0,151.78,0.111519302,,,,,,,,,,,,,,,,,
ORD00619,13-11-2025,Laptop,Electronics,Rahul Verma,North,7,4225.16,3701.18,0,523.98,0.124014239,,,,,,,,,,,,,,,,,
ORD00620,06-03-2025,Pen Set,Stationery,Rahul Verma,South,5,1362.55,1185.3,10,177.25,0.130086969,,,,,,,,,,,,,,,,,
ORD00621,28-08-2025,Laptop,Electronics,Kiran Gupta,East,1,867.73,666.91,10,200.82,0.231431436,,,,,,,,,,,,,,,,,
ORD00622,02-11-2025,Backpack,Accessories,Meera Krishnan,West,8,1077.22,1150.08,20,-72.86,-0.067637066,,,,,,,,,,,,,,,,,
ORD00623,27-04-2025,Backpack,Accessories,Priya Nair,West,9,3314.56,2849.04,10,465.52,0.140446997,,,,,,,,,,,,,,,,,
ORD00624,01-01-2025,Desk,Furniture,Kiran Gupta,South,6,2910.73,2508.48,5,402.25,0.138195573,,,,,,,,,,,,,,,,,
ORD00625,09-09-2025,Notebook,Stationery,Meera Krishnan,East,5,3262.51,2372.55,0,889.96,0.272783838,,,,,,,,,,,,,,,,,
ORD00626,04-01-2025,Laptop,Electronics,Kiran Gupta,East,7,5342.27,5599.93,20,-257.66,-0.048230434,,,,,,,,,,,,,,,,,
ORD00627,25-03-2025,Office Chair,Furniture,Arjun Rao,West,7,6611.37,6183.38,15,427.99,0.064735448,,,,,,,,,,,,,,,,,
ORD00628,10-11-2025,Office Chair,Furniture,Vikram Singh,East,5,548.78,442.1,5,106.68,0.194394839,,,,,,,,,,,,,,,,,
ORD00629,29-05-2025,Backpack,Accessories,Priya Nair,West,5,2456.01,2093.85,0,362.16,0.147458683,,,,,,,,,,,,,,,,,
ORD00630,14-06-2025,Water Bottle,Accessories,Aarav Sharma,South,8,2318.97,2235.28,20,83.69,0.036089298,,,,,,,,,,,,,,,,,
ORD00631,06-03-2025,Laptop,Electronics,Meera Krishnan,North,9,348.32,287.19,0,61.13,0.175499541,,,,,,,,,,,,,,,,,
ORD00632,04-08-2025,Office Chair,Furniture,Vikram Singh,West,2,321.18,318.36,15,2.82,0.008780123,,,,,,,,,,,,,,,,,
ORD00633,16-03-2025,Notebook,Stationery,Aarav Sharma,East,8,6899.46,5599.76,0,1299.7,0.188377061,,,,,,,,,,,,,,,,,
ORD00634,09-05-2025,Pen Set,Stationery,Arjun Rao,North,2,1224.83,1095.52,5,129.31,0.105573835,,,,,,,,,,,,,,,,,
ORD00635,18-01-2025,Smartphone,Electronics,Ananya Iyer,West,4,1593.57,1563.8,15,29.77,0.018681326,,,,,,,,,,,,,,,,,
ORD00636,15-12-2025,Smartphone,Electronics,Vikram Singh,East,9,7377.62,6024.15,5,1353.47,0.183456182,,,,,,,,,,,,,,,,,
ORD00637,10-05-2025,Headphones,Electronics,Meera Krishnan,East,1,782.18,747.28,20,34.9,0.044618886,,,,,,,,,,,,,,,,,
ORD00638,01-05-2025,Office Chair,Furniture,Arjun Rao,East,6,7543.72,5331.84,5,2211.88,0.293208125,,,,,,,,,,,,,,,,,
ORD00639,05-05-2025,Laptop,Electronics,Aarav Sharma,North,3,2194.11,2389.35,20,-195.24,-0.088983688,,,,,,,,,,,,,,,,,
ORD00640,15-02-2025,Water Bottle,Accessories,Ananya Iyer,South,8,6561.87,5532.16,5,1029.71,0.156923255,,,,,,,,,,,,,,,,,
ORD00641,17-11-2025,Printer,Electronics,Aarav Sharma,North,2,1826.23,1378.18,10,448.05,0.245341496,,,,,,,,,,,,,,,,,
ORD00642,30-04-2025,Notebook,Stationery,Neha Patel,East,3,2430.57,2112.93,0,317.64,0.130685395,,,,,,,,,,,,,,,,,
ORD00643,10-03-2025,Printer,Electronics,Vikram Singh,North,4,131.63,124.56,15,7.07,0.05371116,,,,,,,,,,,,,,,,,
ORD00644,08-04-2025,Printer,Electronics,Sneha Reddy,South,8,4971.94,4507.44,20,464.5,0.093424297,,,,,,,,,,,,,,,,,
ORD00645,03-11-2025,Backpack,Accessories,Kiran Gupta,South,6,2039.36,1982.64,15,56.72,0.027812647,,,,,,,,,,,,,,,,,
ORD00646,05-10-2025,Smartphone,Electronics,Neha Patel,West,9,1890.63,1471.32,10,419.31,0.221783215,,,,,,,,,,,,,,,,,
ORD00647,14-11-2025,Laptop,Electronics,Neha Patel,South,9,4786.59,3467.25,5,1319.34,0.275632548,,,,,,,,,,,,,,,,,
ORD00648,08-04-2025,Notebook,Stationery,Kiran Gupta,West,2,1511.47,1323.42,20,188.05,0.124415304,,,,,,,,,,,,,,,,,
ORD00649,14-06-2025,Backpack,Accessories,Priya Nair,North,3,2105.26,1850.73,10,254.53,0.120901931,,,,,,,,,,,,,,,,,
ORD00650,17-01-2025,Backpack,Accessories,Ananya Iyer,North,2,118.72,106.68,5,12.04,0.101415094,,,,,,,,,,,,,,,,,
ORD00651,18-07-2025,Printer,Electronics,Meera Krishnan,East,4,467.88,431.08,20,36.8,0.078652646,,,,,,,,,,,,,,,,,
ORD00652,17-04-2025,Laptop,Electronics,Meera Krishnan,North,6,1515.41,1371.12,0,144.29,0.095215156,,,,,,,,,,,,,,,,,
ORD00653,29-12-2025,Printer,Electronics,Aarav Sharma,East,1,446.11,367.32,15,78.79,0.176615633,,,,,,,,,,,,,,,,,
ORD00654,21-04-2025,Backpack,Accessories,Kiran Gupta,North,1,750.27,736.96,10,13.31,0.01774028,,,,,,,,,,,,,,,,,
ORD00655,03-12-2025,Smartphone,Electronics,Ananya Iyer,South,4,2399.34,2145.36,5,253.98,0.10585411,,,,,,,,,,,,,,,,,
ORD00656,23-10-2025,Backpack,Accessories,Neha Patel,West,9,5329.66,3789.27,0,1540.39,0.289022189,,,,,,,,,,,,,,,,,
ORD00657,16-09-2025,Pen Set,Stationery,Neha Patel,South,2,439.25,350.28,5,88.97,0.202549801,,,,,,,,,,,,,,,,,
ORD00658,09-10-2025,Backpack,Accessories,Neha Patel,East,10,5898.35,4485.8,10,1412.55,0.239482228,,,,,,,,,,,,,,,,,
ORD00659,16-10-2025,Pen Set,Stationery,Kiran Gupta,South,7,7006.6,5795.23,10,1211.37,0.172889847,,,,,,,,,,,,,,,,,
ORD00660,20-08-2025,Pen Set,Stationery,Meera Krishnan,West,9,9339.74,8342.01,10,997.73,0.106826314,,,,,,,,,,,,,,,,,
ORD00661,11-03-2025,Laptop,Electronics,Vikram Singh,North,1,870.28,983.13,20,-112.85,-0.129670911,,,,,,,,,,,,,,,,,
ORD00662,20-12-2025,Desk,Furniture,Vikram Singh,South,4,888.73,890.68,10,-1.95,-0.002194142,,,,,,,,,,,,,,,,,
ORD00663,07-07-2025,Smartphone,Electronics,Sneha Reddy,South,1,511.23,465.77,5,45.46,0.088922794,,,,,,,,,,,,,,,,,
ORD00664,19-10-2025,Office Chair,Furniture,Ananya Iyer,North,5,5398.85,4064.8,0,1334.05,0.247098919,,,,,,,,,,,,,,,,,
ORD00665,18-02-2025,Notebook,Stationery,Sneha Reddy,East,8,1655.52,1449.36,20,206.16,0.124528849,,,,,,,,,,,,,,,,,
ORD00666,21-06-2025,Laptop,Electronics,Neha Patel,West,10,5694.78,3877.3,0,1817.48,0.319148413,,,,,,,,,,,,,,,,,
ORD00667,05-11-2025,Pen Set,Stationery,Aarav Sharma,West,2,2315.56,1742.18,5,573.38,0.247620446,,,,,,,,,,,,,,,,,
ORD00668,18-03-2025,Laptop,Electronics,Neha Patel,South,5,3133.5,2645.7,10,487.8,0.155672571,,,,,,,,,,,,,,,,,
ORD00669,01-11-2025,Headphones,Electronics,Sneha Reddy,North,1,856.38,676.9,15,179.48,0.209579859,,,,,,,,,,,,,,,,,
ORD00670,22-06-2025,Office Chair,Furniture,Priya Nair,West,7,2047.73,2078.23,15,-30.5,-0.014894542,,,,,,,,,,,,,,,,,
ORD00671,14-09-2025,Water Bottle,Accessories,Arjun Rao,South,1,564.07,552.67,10,11.4,0.020210258,,,,,,,,,,,,,,,,,
ORD00672,20-10-2025,Headphones,Electronics,Ananya Iyer,South,8,4822.6,4509.6,15,313,0.06490275,,,,,,,,,,,,,,,,,
ORD00673,22-10-2025,Office Chair,Furniture,Priya Nair,North,2,571.78,547.18,15,24.6,0.043023541,,,,,,,,,,,,,,,,,
ORD00674,01-11-2025,Pen Set,Stationery,Aarav Sharma,East,7,3035.37,2601.27,5,434.1,0.143013867,,,,,,,,,,,,,,,,,
ORD00675,14-08-2025,Headphones,Electronics,Aarav Sharma,South,6,4266.81,3720.36,15,546.45,0.128069916,,,,,,,,,,,,,,,,,
ORD00676,28-01-2025,Office Chair,Furniture,Ananya Iyer,South,6,1129.58,986.58,0,143,0.126595726,,,,,,,,,,,,,,,,,
ORD00677,30-08-2025,Desk,Furniture,Aarav Sharma,East,1,427.52,349.84,0,77.68,0.181699102,,,,,,,,,,,,,,,,,
ORD00678,13-05-2025,Office Chair,Furniture,Kiran Gupta,West,9,2071.68,1977.84,20,93.84,0.045296571,,,,,,,,,,,,,,,,,
ORD00679,06-12-2025,Water Bottle,Accessories,Kiran Gupta,North,3,2619.3,2094.36,0,524.94,0.200412324,,,,,,,,,,,,,,,,,
ORD00680,13-11-2025,Desk,Furniture,Vikram Singh,North,3,280.45,208.53,5,71.92,0.256444999,,,,,,,,,,,,,,,,,
ORD00681,04-12-2025,Printer,Electronics,Neha Patel,North,1,93.29,75.93,10,17.36,0.186086397,,,,,,,,,,,,,,,,,
ORD00682,14-07-2025,Laptop,Electronics,Kiran Gupta,North,5,4402.76,4343.7,15,59.06,0.013414313,,,,,,,,,,,,,,,,,
ORD00683,12-04-2025,Notebook,Stationery,Kiran Gupta,West,8,6307.11,6944.88,20,-637.77,-0.101119213,,,,,,,,,,,,,,,,,
ORD00684,08-09-2025,Backpack,Accessories,Arjun Rao,South,1,48.24,49.35,20,-1.11,-0.02300995,,,,,,,,,,,,,,,,,
ORD00685,01-05-2025,Laptop,Electronics,Kiran Gupta,East,6,5012,4124.82,10,887.18,0.177011173,,,,,,,,,,,,,,,,,
ORD00686,24-05-2025,Laptop,Electronics,Ananya Iyer,South,5,6500.87,4399.45,0,2101.42,0.323252119,,,,,,,,,,,,,,,,,
ORD00687,24-09-2025,Notebook,Stationery,Sneha Reddy,South,7,6434.34,4622.52,0,1811.82,0.28158599,,,,,,,,,,,,,,,,,
ORD00688,06-11-2025,Pen Set,Stationery,Neha Patel,West,4,2920.44,2308.68,15,611.76,0.209475285,,,,,,,,,,,,,,,,,
ORD00689,17-12-2025,Backpack,Accessories,Ananya Iyer,South,3,815.26,644.07,5,171.19,0.209982092,,,,,,,,,,,,,,,,,
ORD00690,16-03-2025,Desk,Furniture,Sneha Reddy,South,9,10435.62,8194.23,15,2241.39,0.214782639,,,,,,,,,,,,,,,,,
ORD00691,16-03-2025,Notebook,Stationery,Aarav Sharma,East,2,1318.65,1123.54,0,195.11,0.147961931,,,,,,,,,,,,,,,,,
ORD00692,07-04-2025,Pen Set,Stationery,Priya Nair,South,7,2269.28,2172.17,10,97.11,0.042793309,,,,,,,,,,,,,,,,,
ORD00693,07-11-2025,Headphones,Electronics,Sneha Reddy,South,1,824.03,764.82,20,59.21,0.07185418,,,,,,,,,,,,,,,,,
ORD00694,19-12-2025,Water Bottle,Accessories,Meera Krishnan,South,4,1186.99,954.4,0,232.59,0.195949418,,,,,,,,,,,,,,,,,
ORD00695,18-07-2025,Backpack,Accessories,Meera Krishnan,West,10,5007.38,4740.8,10,266.58,0.053237422,,,,,,,,,,,,,,,,,
ORD00696,08-01-2025,Headphones,Electronics,Vikram Singh,West,3,763.1,603.99,0,159.11,0.208504783,,,,,,,,,,,,,,,,,
ORD00697,13-08-2025,Office Chair,Furniture,Sneha Reddy,West,4,3560.26,3040.8,0,519.46,0.145905074,,,,,,,,,,,,,,,,,
ORD00698,22-01-2025,Notebook,Stationery,Sneha Reddy,West,8,7626.23,7109.68,15,516.55,0.067733336,,,,,,,,,,,,,,,,,
ORD00699,26-09-2025,Notebook,Stationery,Aarav Sharma,North,7,4609.35,4307.73,20,301.62,0.065436558,,,,,,,,,,,,,,,,,
ORD00700,06-05-2025,Printer,Electronics,Kiran Gupta,West,8,9620.76,6629.92,0,2990.84,0.310873569,,,,,,,,,,,,,,,,,
ORD00701,14-08-2025,Laptop,Electronics,Arjun Rao,East,9,4164.8,3541.68,0,623.12,0.149615828,,,,,,,,,,,,,,,,,
ORD00702,28-01-2025,Desk,Furniture,Kiran Gupta,South,8,1693.28,1398.56,10,294.72,0.174052726,,,,,,,,,,,,,,,,,
ORD00703,27-10-2025,Printer,Electronics,Kiran Gupta,South,8,729.6,796.32,20,-66.72,-0.091447368,,,,,,,,,,,,,,,,,
ORD00704,30-10-2025,Pen Set,Stationery,Ananya Iyer,West,7,2708.17,2311.61,0,396.56,0.146430985,,,,,,,,,,,,,,,,,
ORD00705,05-03-2025,Smartphone,Electronics,Priya Nair,North,5,2180.14,1654.15,5,525.99,0.241264322,,,,,,,,,,,,,,,,,
ORD00706,19-09-2025,Printer,Electronics,Sneha Reddy,South,6,669.92,566.7,15,103.22,0.154078099,,,,,,,,,,,,,,,,,
ORD00707,17-10-2025,Pen Set,Stationery,Rahul Verma,South,9,4844.63,3481.2,5,1363.43,0.281431193,,,,,,,,,,,,,,,,,
ORD00708,08-06-2025,Headphones,Electronics,Meera Krishnan,East,3,2934.28,2314.41,0,619.87,0.211251142,,,,,,,,,,,,,,,,,
ORD00709,10-05-2025,Headphones,Electronics,Aarav Sharma,West,2,1882.5,1799.12,5,83.38,0.044292165,,,,,,,,,,,,,,,,,
ORD00710,10-09-2025,Printer,Electronics,Ananya Iyer,South,8,5889.31,4384.56,0,1504.75,0.255505314,,,,,,,,,,,,,,,,,
ORD00711,04-11-2025,Water Bottle,Accessories,Aarav Sharma,South,8,3533.99,3673.6,15,-139.61,-0.039504922,,,,,,,,,,,,,,,,,
ORD00712,17-04-2025,Backpack,Accessories,Aarav Sharma,South,5,3561.95,3117.85,20,444.1,0.124678898,,,,,,,,,,,,,,,,,
ORD00713,17-01-2025,Headphones,Electronics,Sneha Reddy,East,1,760.6,656.74,0,103.86,0.136550092,,,,,,,,,,,,,,,,,
ORD00714,24-03-2025,Notebook,Stationery,Vikram Singh,South,2,149.03,117.08,15,31.95,0.214386365,,,,,,,,,,,,,,,,,
ORD00715,03-06-2025,Printer,Electronics,Neha Patel,East,10,4169.05,3665.9,0,503.15,0.120686967,,,,,,,,,,,,,,,,,
ORD00716,30-08-2025,Pen Set,Stationery,Rahul Verma,North,2,1370.73,1521.72,20,-150.99,-0.110152984,,,,,,,,,,,,,,,,,
ORD00717,18-04-2025,Desk,Furniture,Sneha Reddy,North,6,3022.05,3190.68,20,-168.63,-0.055799871,,,,,,,,,,,,,,,,,
ORD00718,05-09-2025,Smartphone,Electronics,Sneha Reddy,East,10,8759.13,7324.3,20,1434.83,0.163809648,,,,,,,,,,,,,,,,,
ORD00719,16-11-2025,Pen Set,Stationery,Neha Patel,South,10,10014.68,8493.2,10,1521.48,0.151924974,,,,,,,,,,,,,,,,,
ORD00720,03-04-2025,Water Bottle,Accessories,Sneha Reddy,South,10,5528.02,5014.3,15,513.72,0.092930199,,,,,,,,,,,,,,,,,
ORD00721,02-03-2025,Desk,Furniture,Ananya Iyer,West,4,59.51,46.28,0,13.23,0.222315577,,,,,,,,,,,,,,,,,
ORD00722,19-04-2025,Pen Set,Stationery,Aarav Sharma,South,1,387.41,340.45,20,46.96,0.12121525,,,,,,,,,,,,,,,,,
ORD00723,09-10-2025,Desk,Furniture,Neha Patel,North,5,4350.08,3961.45,10,388.63,0.089338587,,,,,,,,,,,,,,,,,
ORD00724,15-01-2025,Smartphone,Electronics,Rahul Verma,South,6,2248.7,2087.7,20,161,0.071596923,,,,,,,,,,,,,,,,,
ORD00725,19-01-2025,Notebook,Stationery,Rahul Verma,West,6,6903.54,5538.36,15,1365.18,0.197750719,,,,,,,,,,,,,,,,,
ORD00726,25-08-2025,Headphones,Electronics,Arjun Rao,North,8,8336.19,7145.12,20,1191.07,0.142879421,,,,,,,,,,,,,,,,,
ORD00727,10-01-2025,Backpack,Accessories,Ananya Iyer,East,5,3386.89,2846.45,10,540.44,0.159568217,,,,,,,,,,,,,,,,,
ORD00728,23-06-2025,Notebook,Stationery,Arjun Rao,South,2,2507.57,1939.84,10,567.73,0.226406441,,,,,,,,,,,,,,,,,
ORD00729,07-06-2025,Water Bottle,Accessories,Neha Patel,North,10,3629.84,3956.7,20,-326.86,-0.090048046,,,,,,,,,,,,,,,,,
ORD00730,04-06-2025,Desk,Furniture,Ananya Iyer,East,7,796.55,671.51,5,125.04,0.156976963,,,,,,,,,,,,,,,,,
ORD00731,17-02-2025,Headphones,Electronics,Meera Krishnan,North,2,1073.77,760.94,0,312.83,0.291337996,,,,,,,,,,,,,,,,,
ORD00732,26-09-2025,Printer,Electronics,Vikram Singh,East,9,1934.65,1462.86,10,471.79,0.243863231,,,,,,,,,,,,,,,,,
ORD00733,09-03-2025,Headphones,Electronics,Ananya Iyer,North,2,1806.94,1647.84,20,159.1,0.088049409,,,,,,,,,,,,,,,,,
ORD00734,09-06-2025,Printer,Electronics,Aarav Sharma,North,7,4599.81,5015.78,20,-415.97,-0.090431996,,,,,,,,,,,,,,,,,
ORD00735,04-12-2025,Notebook,Stationery,Vikram Singh,North,8,9317.64,7122.32,0,2195.32,0.235609017,,,,,,,,,,,,,,,,,
ORD00736,09-04-2025,Water Bottle,Accessories,Vikram Singh,East,5,3748.54,3212.3,5,536.24,0.143053029,,,,,,,,,,,,,,,,,
ORD00737,22-03-2025,Backpack,Accessories,Vikram Singh,North,6,5622.57,4650.36,0,972.21,0.172912031,,,,,,,,,,,,,,,,,
ORD00738,29-06-2025,Laptop,Electronics,Kiran Gupta,East,10,6670.39,5640.3,0,1030.09,0.154427252,,,,,,,,,,,,,,,,,
ORD00739,29-03-2025,Desk,Furniture,Priya Nair,East,3,3388.43,2831.55,10,556.88,0.1643475,,,,,,,,,,,,,,,,,
ORD00740,30-08-2025,Water Bottle,Accessories,Aarav Sharma,North,6,3768.31,3271.02,0,497.29,0.131966319,,,,,,,,,,,,,,,,,
ORD00741,02-11-2025,Pen Set,Stationery,Sneha Reddy,West,1,94.87,95.26,15,-0.39,-0.004110889,,,,,,,,,,,,,,,,,
ORD00742,10-12-2025,Water Bottle,Accessories,Kiran Gupta,North,6,2521.16,1915.92,5,605.24,0.240064097,,,,,,,,,,,,,,,,,
ORD00743,08-06-2025,Printer,Electronics,Meera Krishnan,West,10,1359.94,1404.8,15,-44.86,-0.032986749,,,,,,,,,,,,,,,,,
ORD00744,06-07-2025,Office Chair,Furniture,Arjun Rao,South,4,586.32,609.12,20,-22.8,-0.038886615,,,,,,,,,,,,,,,,,
ORD00745,27-02-2025,Notebook,Stationery,Neha Patel,West,6,3099.72,2752.5,0,347.22,0.112016569,,,,,,,,,,,,,,,,,
ORD00746,07-03-2025,Printer,Electronics,Kiran Gupta,North,3,1048.55,868.29,10,180.26,0.171913595,,,,,,,,,,,,,,,,,
ORD00747,30-09-2025,Pen Set,Stationery,Meera Krishnan,West,2,942.6,665.22,0,277.38,0.294271165,,,,,,,,,,,,,,,,,
ORD00748,04-09-2025,Water Bottle,Accessories,Arjun Rao,North,7,2159.71,1723.33,5,436.38,0.202054906,,,,,,,,,,,,,,,,,
ORD00749,11-08-2025,Notebook,Stationery,Sneha Reddy,East,4,3321.75,3263.12,20,58.63,0.017650335,,,,,,,,,,,,,,,,,
ORD00750,31-12-2025,Backpack,Accessories,Sneha Reddy,West,4,1012.47,725.4,0,287.07,0.283534327,,,,,,,,,,,,,,,,,
ORD00751,16-08-2025,Smartphone,Electronics,Rahul Verma,East,10,7140.3,6001.1,10,1139.2,0.159545117,,,,,,,,,,,,,,,,,
ORD00752,14-07-2025,Pen Set,Stationery,Neha Patel,West,2,1357.33,1204.56,20,152.77,0.112551848,,,,,,,,,,,,,,,,,
ORD00753,22-11-2025,Laptop,Electronics,Aarav Sharma,South,2,623.19,450.88,5,172.31,0.276496735,,,,,,,,,,,,,,,,,
ORD00754,17-08-2025,Headphones,Electronics,Ananya Iyer,South,8,4906.19,4287.52,15,618.67,0.126099886,,,,,,,,,,,,,,,,,
ORD00755,11-08-2025,Notebook,Stationery,Neha Patel,North,5,3794.06,2872.85,10,921.21,0.242803224,,,,,,,,,,,,,,,,,
ORD00756,07-03-2025,Water Bottle,Accessories,Vikram Singh,North,1,621.13,615.38,20,5.75,0.009257321,,,,,,,,,,,,,,,,,
ORD00757,03-07-2025,Notebook,Stationery,Priya Nair,East,9,12036.98,8713.98,0,3323,0.276065924,,,,,,,,,,,,,,,,,
ORD00758,12-06-2025,Laptop,Electronics,Arjun Rao,West,4,1760.39,1749.6,20,10.79,0.006129324,,,,,,,,,,,,,,,,,
ORD00759,07-04-2025,Pen Set,Stationery,Kiran Gupta,West,7,4715.16,3847.69,5,867.47,0.183974669,,,,,,,,,,,,,,,,,
ORD00760,06-02-2025,Notebook,Stationery,Aarav Sharma,South,7,1248.42,1139.04,5,109.38,0.087614745,,,,,,,,,,,,,,,,,
ORD00761,25-11-2025,Printer,Electronics,Arjun Rao,West,7,7353.43,6826.61,5,526.82,0.071642757,,,,,,,,,,,,,,,,,
ORD00762,10-10-2025,Water Bottle,Accessories,Meera Krishnan,West,7,4864.05,4389.14,15,474.91,0.097636743,,,,,,,,,,,,,,,,,
ORD00763,13-09-2025,Notebook,Stationery,Ananya Iyer,East,4,684.48,775.72,20,-91.24,-0.13329827,,,,,,,,,,,,,,,,,
ORD00764,18-10-2025,Pen Set,Stationery,Meera Krishnan,East,9,7792.47,5225.31,0,2567.16,0.329441114,,,,,,,,,,,,,,,,,
ORD00765,27-09-2025,Smartphone,Electronics,Vikram Singh,West,10,5630.55,4867.2,0,763.35,0.135572901,,,,,,,,,,,,,,,,,
ORD00766,30-08-2025,Backpack,Accessories,Priya Nair,East,2,959.39,1056.24,20,-96.85,-0.100949562,,,,,,,,,,,,,,,,,
ORD00767,29-08-2025,Water Bottle,Accessories,Meera Krishnan,West,1,1021.35,904.55,20,116.8,0.114358447,,,,,,,,,,,,,,,,,
ORD00768,19-01-2025,Water Bottle,Accessories,Sneha Reddy,East,6,2801.88,2560.86,10,241.02,0.086020815,,,,,,,,,,,,,,,,,
ORD00769,21-10-2025,Water Bottle,Accessories,Aarav Sharma,East,5,400.58,354,15,46.58,0.116281392,,,,,,,,,,,,,,,,,
ORD00770,09-02-2025,Water Bottle,Accessories,Vikram Singh,East,1,338.26,293.95,0,44.31,0.13099391,,,,,,,,,,,,,,,,,
ORD00771,27-02-2025,Headphones,Electronics,Sneha Reddy,South,10,2867.52,2881.6,10,-14.08,-0.004910166,,,,,,,,,,,,,,,,,
ORD00772,14-05-2025,Water Bottle,Accessories,Ananya Iyer,West,3,2545.87,1987.68,10,558.19,0.219253143,,,,,,,,,,,,,,,,,
ORD00773,16-03-2025,Headphones,Electronics,Sneha Reddy,South,9,10445.63,7770.51,10,2675.12,0.256099441,,,,,,,,,,,,,,,,,
ORD00774,23-11-2025,Printer,Electronics,Rahul Verma,South,7,7009.86,5408.62,5,1601.24,0.228426816,,,,,,,,,,,,,,,,,
ORD00775,01-03-2025,Water Bottle,Accessories,Aarav Sharma,South,6,482.93,382.68,10,100.25,0.207587021,,,,,,,,,,,,,,,,,
ORD00776,30-09-2025,Printer,Electronics,Ananya Iyer,West,7,4006.23,3370.29,15,635.94,0.158737766,,,,,,,,,,,,,,,,,
ORD00777,07-01-2025,Pen Set,Stationery,Vikram Singh,West,8,2502.34,2160,20,342.34,0.136807948,,,,,,,,,,,,,,,,,
ORD00778,30-09-2025,Pen Set,Stationery,Neha Patel,West,6,6575.02,5772.9,0,802.12,0.121995066,,,,,,,,,,,,,,,,,
ORD00779,11-05-2025,Water Bottle,Accessories,Sneha Reddy,West,5,2184.38,1708.1,10,476.28,0.218038986,,,,,,,,,,,,,,,,,
ORD00780,24-09-2025,Printer,Electronics,Neha Patel,South,4,3320.96,2947.88,20,373.08,0.11234101,,,,,,,,,,,,,,,,,
ORD00781,07-01-2025,Notebook,Stationery,Arjun Rao,North,9,263.94,184.23,0,79.71,0.302000455,,,,,,,,,,,,,,,,,
ORD00782,26-05-2025,Backpack,Accessories,Vikram Singh,South,2,1472.3,1377.28,10,95.02,0.064538477,,,,,,,,,,,,,,,,,
ORD00783,03-12-2025,Laptop,Electronics,Ananya Iyer,North,1,919.47,623.2,0,296.27,0.322218234,,,,,,,,,,,,,,,,,
ORD00784,28-11-2025,Smartphone,Electronics,Sneha Reddy,South,2,2038.09,1715.76,5,322.33,0.158152977,,,,,,,,,,,,,,,,,
ORD00785,08-02-2025,Smartphone,Electronics,Meera Krishnan,East,3,907.24,782.4,15,124.84,0.137604162,,,,,,,,,,,,,,,,,
ORD00786,01-02-2025,Pen Set,Stationery,Arjun Rao,West,6,1923.61,1588.56,0,335.05,0.174177718,,,,,,,,,,,,,,,,,
ORD00787,05-02-2025,Notebook,Stationery,Meera Krishnan,South,1,280.02,265.66,10,14.36,0.051282051,,,,,,,,,,,,,,,,,
ORD00788,04-10-2025,Water Bottle,Accessories,Arjun Rao,South,7,1269.86,1306.62,15,-36.76,-0.028948073,,,,,,,,,,,,,,,,,
ORD00789,07-02-2025,Water Bottle,Accessories,Priya Nair,East,2,1876.62,1826.96,10,49.66,0.02646247,,,,,,,,,,,,,,,,,
ORD00790,01-01-2025,Printer,Electronics,Aarav Sharma,West,1,1160.61,897.55,5,263.06,0.226656672,,,,,,,,,,,,,,,,,
ORD00791,21-09-2025,Desk,Furniture,Meera Krishnan,West,3,2384.14,2109.15,15,274.99,0.115341381,,,,,,,,,,,,,,,,,
ORD00792,02-01-2025,Pen Set,Stationery,Arjun Rao,West,7,7790.06,5919.27,0,1870.79,0.24015091,,,,,,,,,,,,,,,,,
ORD00793,05-06-2025,Smartphone,Electronics,Arjun Rao,North,10,5993.65,5399.5,10,594.15,0.099129912,,,,,,,,,,,,,,,,,
ORD00794,24-08-2025,Smartphone,Electronics,Vikram Singh,South,6,3297.04,3235.68,10,61.36,0.018610633,,,,,,,,,,,,,,,,,
ORD00795,03-06-2025,Headphones,Electronics,Arjun Rao,North,9,510.78,440.46,15,70.32,0.137671796,,,,,,,,,,,,,,,,,
ORD00796,13-03-2025,Notebook,Stationery,Aarav Sharma,South,8,891.22,752.08,15,139.14,0.156123067,,,,,,,,,,,,,,,,,
ORD00797,04-10-2025,Laptop,Electronics,Vikram Singh,West,10,2353.74,2461,15,-107.26,-0.045570029,,,,,,,,,,,,,,,,,
ORD00798,29-01-2025,Backpack,Accessories,Neha Patel,North,8,8623.42,7735.28,0,888.14,0.10299162,,,,,,,,,,,,,,,,,
ORD00799,14-12-2025,Pen Set,Stationery,Kiran Gupta,South,2,450.84,439.12,20,11.72,0.025995919,,,,,,,,,,,,,,,,,
ORD00800,08-09-2025,Water Bottle,Accessories,Aarav Sharma,West,4,5161.66,3702.28,0,1459.38,0.282734624,,,,,,,,,,,,,,,,,
ORD00801,20-11-2025,Water Bottle,Accessories,Aarav Sharma,East,1,262.89,250.26,5,12.63,0.048042908,,,,,,,,,,,,,,,,,
ORD00802,24-02-2025,Smartphone,Electronics,Priya Nair,West,8,4431.09,4920.88,20,-489.79,-0.11053488,,,,,,,,,,,,,,,,,
ORD00803,14-12-2025,Water Bottle,Accessories,Arjun Rao,East,10,2756.34,2283.7,5,472.64,0.171473766,,,,,,,,,,,,,,,,,
ORD00804,20-04-2025,Smartphone,Electronics,Aarav Sharma,South,10,7106.68,5504.3,10,1602.38,0.225475187,,,,,,,,,,,,,,,,,
ORD00805,28-03-2025,Notebook,Stationery,Neha Patel,South,2,345.32,259.08,5,86.24,0.249739372,,,,,,,,,,,,,,,,,
ORD00806,20-11-2025,Printer,Electronics,Sneha Reddy,West,4,4273.94,3705.68,0,568.26,0.132959283,,,,,,,,,,,,,,,,,
ORD00807,02-04-2025,Headphones,Electronics,Priya Nair,East,1,971.15,880.83,0,90.32,0.093003141,,,,,,,,,,,,,,,,,
ORD00808,19-05-2025,Pen Set,Stationery,Kiran Gupta,West,8,6116.3,5563.44,5,552.86,0.09039125,,,,,,,,,,,,,,,,,
ORD00809,02-11-2025,Pen Set,Stationery,Rahul Verma,West,4,4135.34,3754.84,20,380.5,0.092011781,,,,,,,,,,,,,,,,,
ORD00810,03-01-2025,Water Bottle,Accessories,Kiran Gupta,South,2,1407.24,1261.84,10,145.4,0.103322816,,,,,,,,,,,,,,,,,
ORD00811,04-10-2025,Office Chair,Furniture,Kiran Gupta,South,2,2659.4,1973.48,0,685.92,0.25792284,,,,,,,,,,,,,,,,,
ORD00812,18-03-2025,Printer,Electronics,Meera Krishnan,West,4,1234.28,1134.64,5,99.64,0.080727226,,,,,,,,,,,,,,,,,
ORD00813,06-07-2025,Headphones,Electronics,Vikram Singh,South,3,2266.01,2020.32,0,245.69,0.108424058,,,,,,,,,,,,,,,,,
ORD00814,27-01-2025,Pen Set,Stationery,Kiran Gupta,South,5,1619.05,1704.75,15,-85.7,-0.052932275,,,,,,,,,,,,,,,,,
ORD00815,01-05-2025,Headphones,Electronics,Meera Krishnan,East,1,553.13,490.21,0,62.92,0.113752644,,,,,,,,,,,,,,,,,
ORD00816,26-02-2025,Pen Set,Stationery,Neha Patel,South,4,3216.84,2998.48,10,218.36,0.06788028,,,,,,,,,,,,,,,,,
ORD00817,23-04-2025,Smartphone,Electronics,Priya Nair,West,4,3517.36,2961.48,5,555.88,0.158038984,,,,,,,,,,,,,,,,,
ORD00818,09-11-2025,Water Bottle,Accessories,Meera Krishnan,South,8,502.38,510.4,15,-8.02,-0.015964011,,,,,,,,,,,,,,,,,
ORD00819,19-05-2025,Pen Set,Stationery,Ananya Iyer,East,6,1118.4,870.24,5,248.16,0.221888412,,,,,,,,,,,,,,,,,
ORD00820,26-02-2025,Headphones,Electronics,Meera Krishnan,West,1,842.86,695.29,0,147.57,0.175082457,,,,,,,,,,,,,,,,,
ORD00821,06-11-2025,Pen Set,Stationery,Rahul Verma,South,3,3161.94,2288.22,5,873.72,0.276324029,,,,,,,,,,,,,,,,,
ORD00822,25-09-2025,Water Bottle,Accessories,Meera Krishnan,South,9,9748.2,7708.05,0,2040.15,0.209284791,,,,,,,,,,,,,,,,,
ORD00823,08-08-2025,Water Bottle,Accessories,Ananya Iyer,South,8,6676.9,6708.96,10,-32.06,-0.004801629,,,,,,,,,,,,,,,,,
ORD00824,21-10-2025,Notebook,Stationery,Aarav Sharma,West,7,4832.56,4085.69,20,746.87,0.154549556,,,,,,,,,,,,,,,,,
ORD00825,29-09-2025,Laptop,Electronics,Arjun Rao,West,1,883.06,991.36,20,-108.3,-0.122641723,,,,,,,,,,,,,,,,,
ORD00826,07-01-2025,Smartphone,Electronics,Arjun Rao,South,8,5297.07,4002.64,0,1294.43,0.244367169,,,,,,,,,,,,,,,,,
ORD00827,09-12-2025,Headphones,Electronics,Vikram Singh,South,6,2010.26,1816.98,0,193.28,0.096146767,,,,,,,,,,,,,,,,,
ORD00828,26-08-2025,Printer,Electronics,Rahul Verma,West,10,11176.43,7498.1,0,3678.33,0.329114932,,,,,,,,,,,,,,,,,
ORD00829,06-02-2025,Headphones,Electronics,Arjun Rao,East,6,5463.58,3783.24,0,1680.34,0.307552923,,,,,,,,,,,,,,,,,
ORD00830,10-11-2025,Backpack,Accessories,Kiran Gupta,South,1,376.88,303.62,10,73.26,0.194385481,,,,,,,,,,,,,,,,,
ORD00831,12-12-2025,Smartphone,Electronics,Neha Patel,North,10,11518.51,8820.4,0,2698.11,0.234241234,,,,,,,,,,,,,,,,,
ORD00832,07-07-2025,Smartphone,Electronics,Rahul Verma,North,7,2325.14,2603.51,20,-278.37,-0.119721823,,,,,,,,,,,,,,,,,
ORD00833,28-02-2025,Backpack,Accessories,Meera Krishnan,South,4,632.72,588.08,10,44.64,0.070552535,,,,,,,,,,,,,,,,,
ORD00834,05-08-2025,Office Chair,Furniture,Vikram Singh,North,6,2524.21,2155.08,10,369.13,0.146235852,,,,,,,,,,,,,,,,,
ORD00835,04-03-2025,Smartphone,Electronics,Meera Krishnan,East,6,2333.28,2110.62,15,222.66,0.095427895,,,,,,,,,,,,,,,,,
ORD00836,23-08-2025,Printer,Electronics,Priya Nair,North,10,4401.18,3744.6,0,656.58,0.149182719,,,,,,,,,,,,,,,,,
ORD00837,22-05-2025,Pen Set,Stationery,Priya Nair,South,3,1013.9,886.47,0,127.43,0.125683006,,,,,,,,,,,,,,,,,
ORD00838,12-01-2025,Printer,Electronics,Vikram Singh,West,3,3114.17,2628.72,20,485.45,0.155884232,,,,,,,,,,,,,,,,,
ORD00839,27-11-2025,Backpack,Accessories,Aarav Sharma,East,3,1561.01,1437.51,15,123.5,0.079115444,,,,,,,,,,,,,,,,,
ORD00840,24-09-2025,Office Chair,Furniture,Neha Patel,West,2,86.7,63.64,5,23.06,0.265974625,,,,,,,,,,,,,,,,,
ORD00841,07-12-2025,Water Bottle,Accessories,Kiran Gupta,West,6,4607.86,3955.2,10,652.66,0.141640588,,,,,,,,,,,,,,,,,
ORD00842,14-05-2025,Printer,Electronics,Ananya Iyer,West,5,3006.01,2857.9,10,148.11,0.049271293,,,,,,,,,,,,,,,,,
ORD00843,26-05-2025,Notebook,Stationery,Meera Krishnan,South,5,4475.32,3860.25,0,615.07,0.137435982,,,,,,,,,,,,,,,,,
ORD00844,31-03-2025,Water Bottle,Accessories,Rahul Verma,South,3,2263.33,2144.07,10,119.26,0.052692272,,,,,,,,,,,,,,,,,
ORD00845,14-08-2025,Office Chair,Furniture,Vikram Singh,East,2,121.45,101.48,10,19.97,0.164429807,,,,,,,,,,,,,,,,,
ORD00846,26-06-2025,Headphones,Electronics,Rahul Verma,East,4,3097.82,2267.44,0,830.38,0.268053018,,,,,,,,,,,,,,,,,
ORD00847,13-01-2025,Printer,Electronics,Arjun Rao,West,9,8575.02,8781.39,20,-206.37,-0.024066416,,,,,,,,,,,,,,,,,
ORD00848,07-10-2025,Headphones,Electronics,Kiran Gupta,East,8,7774.63,7428.24,5,346.39,0.044553889,,,,,,,,,,,,,,,,,
ORD00849,17-10-2025,Desk,Furniture,Meera Krishnan,East,8,7846.44,7176.16,20,670.28,0.085424728,,,,,,,,,,,,,,,,,
ORD00850,01-03-2025,Smartphone,Electronics,Vikram Singh,North,8,9391.22,7209.36,5,2181.86,0.232329772,,,,,,,,,,,,,,,,,
ORD00851,17-06-2025,Pen Set,Stationery,Aarav Sharma,South,10,8900.81,8424.7,15,476.11,0.053490637,,,,,,,,,,,,,,,,,
ORD00852,12-02-2025,Water Bottle,Accessories,Kiran Gupta,West,9,2194.38,2069.28,10,125.1,0.057009269,,,,,,,,,,,,,,,,,
ORD00853,06-11-2025,Smartphone,Electronics,Kiran Gupta,North,9,3759.44,3604.32,15,155.12,0.041261464,,,,,,,,,,,,,,,,,
ORD00854,10-07-2025,Notebook,Stationery,Aarav Sharma,East,7,1161.75,1095.29,15,66.46,0.0572068,,,,,,,,,,,,,,,,,
ORD00855,14-02-2025,Notebook,Stationery,Ananya Iyer,West,6,2328.98,1890,15,438.98,0.188485947,,,,,,,,,,,,,,,,,
ORD00856,01-08-2025,Pen Set,Stationery,Rahul Verma,North,8,2798.33,2366,15,432.33,0.154495717,,,,,,,,,,,,,,,,,
ORD00857,03-02-2025,Headphones,Electronics,Sneha Reddy,West,4,1483.65,1240.8,20,242.85,0.163684157,,,,,,,,,,,,,,,,,
ORD00858,12-10-2025,Smartphone,Electronics,Meera Krishnan,South,1,473.2,415.37,10,57.83,0.122210482,,,,,,,,,,,,,,,,,
ORD00859,22-01-2025,Office Chair,Furniture,Vikram Singh,East,3,2975.72,2501.88,10,473.84,0.159235412,,,,,,,,,,,,,,,,,
ORD00860,02-01-2025,Printer,Electronics,Rahul Verma,East,9,7050.99,6682.14,5,368.85,0.052311803,,,,,,,,,,,,,,,,,
ORD00861,09-09-2025,Desk,Furniture,Ananya Iyer,North,8,1212.6,1063.52,10,149.08,0.122942438,,,,,,,,,,,,,,,,,
ORD00862,05-07-2025,Smartphone,Electronics,Sneha Reddy,West,5,3336.3,2490.6,0,845.7,0.253484399,,,,,,,,,,,,,,,,,
ORD00863,03-03-2025,Water Bottle,Accessories,Neha Patel,North,7,7708.44,6087.62,15,1620.82,0.210265631,,,,,,,,,,,,,,,,,
ORD00864,21-12-2025,Desk,Furniture,Rahul Verma,East,3,2050.11,1757.52,5,292.59,0.142719171,,,,,,,,,,,,,,,,,
ORD00865,02-07-2025,Headphones,Electronics,Aarav Sharma,East,1,322.3,279.94,15,42.36,0.131430344,,,,,,,,,,,,,,,,,
ORD00866,18-11-2025,Desk,Furniture,Rahul Verma,North,9,7550.03,5783.04,0,1766.99,0.234037481,,,,,,,,,,,,,,,,,
ORD00867,17-12-2025,Water Bottle,Accessories,Vikram Singh,East,3,2117.99,1644.84,10,473.15,0.223395767,,,,,,,,,,,,,,,,,
ORD00868,07-01-2025,Notebook,Stationery,Rahul Verma,East,2,1386.94,1078.16,10,308.78,0.222634,,,,,,,,,,,,,,,,,
ORD00869,21-03-2025,Notebook,Stationery,Kiran Gupta,South,8,3623.5,3342.96,5,280.54,0.077422382,,,,,,,,,,,,,,,,,
ORD00870,31-12-2025,Office Chair,Furniture,Kiran Gupta,North,9,6393.08,5555.61,20,837.47,0.130996327,,,,,,,,,,,,,,,,,
ORD00871,09-01-2025,Pen Set,Stationery,Meera Krishnan,East,8,10470.93,7334.96,0,3135.97,0.299492977,,,,,,,,,,,,,,,,,
ORD00872,02-11-2025,Desk,Furniture,Kiran Gupta,East,6,1096.08,885.72,15,210.36,0.191920298,,,,,,,,,,,,,,,,,
ORD00873,22-12-2025,Headphones,Electronics,Rahul Verma,South,5,228.69,192.35,0,36.34,0.158905068,,,,,,,,,,,,,,,,,
ORD00874,27-02-2025,Desk,Furniture,Priya Nair,North,3,829.54,653.22,0,176.32,0.212551535,,,,,,,,,,,,,,,,,
ORD00875,04-12-2025,Printer,Electronics,Kiran Gupta,North,7,405.88,364.63,0,41.25,0.101631024,,,,,,,,,,,,,,,,,
ORD00876,08-12-2025,Printer,Electronics,Aarav Sharma,North,2,2048.97,1818.88,0,230.09,0.112295446,,,,,,,,,,,,,,,,,
ORD00877,29-06-2025,Smartphone,Electronics,Aarav Sharma,North,10,2379.32,2133.5,5,245.82,0.103315233,,,,,,,,,,,,,,,,,
ORD00878,14-09-2025,Headphones,Electronics,Sneha Reddy,South,5,5300.86,4746.5,10,554.36,0.104579257,,,,,,,,,,,,,,,,,
ORD00879,28-09-2025,Backpack,Accessories,Ananya Iyer,South,10,872.97,776.5,20,96.47,0.110507807,,,,,,,,,,,,,,,,,
ORD00880,20-02-2025,Desk,Furniture,Ananya Iyer,West,3,2386.72,2707.92,20,-321.2,-0.134577998,,,,,,,,,,,,,,,,,
ORD00881,01-07-2025,Notebook,Stationery,Arjun Rao,West,10,2265.78,1932.7,0,333.08,0.147004564,,,,,,,,,,,,,,,,,
ORD00882,10-06-2025,Office Chair,Furniture,Priya Nair,West,9,2974.19,2117.52,0,856.67,0.288034725,,,,,,,,,,,,,,,,,
ORD00883,13-10-2025,Smartphone,Electronics,Aarav Sharma,North,9,1618,1300.95,10,317.05,0.195951792,,,,,,,,,,,,,,,,,
ORD00884,09-06-2025,Notebook,Stationery,Meera Krishnan,South,8,1150.53,996.56,10,153.97,0.133825281,,,,,,,,,,,,,,,,,
ORD00885,05-02-2025,Backpack,Accessories,Meera Krishnan,East,7,2082.07,2083.76,15,-1.69,-0.000811692,,,,,,,,,,,,,,,,,
ORD00886,22-07-2025,Headphones,Electronics,Meera Krishnan,North,1,1162.05,998.74,15,163.31,0.140536122,,,,,,,,,,,,,,,,,
ORD00887,28-03-2025,Smartphone,Electronics,Priya Nair,East,3,1434.46,1202.58,20,231.88,0.16164968,,,,,,,,,,,,,,,,,
ORD00888,06-08-2025,Office Chair,Furniture,Meera Krishnan,East,6,1220.49,1249.56,15,-29.07,-0.023818302,,,,,,,,,,,,,,,,,
ORD00889,08-12-2025,Water Bottle,Accessories,Sneha Reddy,West,10,2959.54,2802.4,15,157.14,0.053096089,,,,,,,,,,,,,,,,,
ORD00890,09-05-2025,Printer,Electronics,Meera Krishnan,West,9,2502.11,2574.9,15,-72.79,-0.029091447,,,,,,,,,,,,,,,,,
ORD00891,13-09-2025,Office Chair,Furniture,Aarav Sharma,South,3,169.41,118.29,0,51.12,0.301753143,,,,,,,,,,,,,,,,,
ORD00892,16-11-2025,Pen Set,Stationery,Priya Nair,North,10,7916.27,6824.1,5,1092.17,0.137965229,,,,,,,,,,,,,,,,,
ORD00893,12-09-2025,Backpack,Accessories,Meera Krishnan,East,8,7353.83,6358.4,5,995.43,0.135362117,,,,,,,,,,,,,,,,,
ORD00894,17-01-2025,Backpack,Accessories,Arjun Rao,North,6,5135.7,4868.34,20,267.36,0.052059116,,,,,,,,,,,,,,,,,
ORD00895,19-01-2025,Pen Set,Stationery,Aarav Sharma,South,8,2791.04,2571.28,15,219.76,0.078737675,,,,,,,,,,,,,,,,,
ORD00896,10-03-2025,Backpack,Accessories,Vikram Singh,West,5,5455.78,4429.25,5,1026.53,0.188154581,,,,,,,,,,,,,,,,,
ORD00897,17-12-2025,Printer,Electronics,Kiran Gupta,West,2,1329.1,1146.34,15,182.76,0.137506583,,,,,,,,,,,,,,,,,
ORD00898,15-05-2025,Printer,Electronics,Meera Krishnan,West,9,6915.39,7702.29,20,-786.9,-0.113789678,,,,,,,,,,,,,,,,,
ORD00899,15-01-2025,Water Bottle,Accessories,Sneha Reddy,North,6,5098.93,4612.86,10,486.07,0.095327843,,,,,,,,,,,,,,,,,
ORD00900,17-11-2025,Headphones,Electronics,Neha Patel,West,6,1894.81,2132.34,20,-237.53,-0.125358215,,,,,,,,,,,,,,,,,
ORD00901,29-01-2025,Smartphone,Electronics,Ananya Iyer,South,7,2802.29,2461.83,10,340.46,0.121493493,,,,,,,,,,,,,,,,,
ORD00902,28-02-2025,Office Chair,Furniture,Neha Patel,South,5,4318.19,2983.05,0,1335.14,0.30918973,,,,,,,,,,,,,,,,,
ORD00903,05-08-2025,Laptop,Electronics,Sneha Reddy,West,9,3470.99,2995.74,15,475.25,0.13692059,,,,,,,,,,,,,,,,,
ORD00904,12-06-2025,Desk,Furniture,Arjun Rao,West,1,620.09,699,20,-78.91,-0.127255721,,,,,,,,,,,,,,,,,
ORD00905,12-12-2025,Notebook,Stationery,Ananya Iyer,East,10,1034.43,1067.5,15,-33.07,-0.031969297,,,,,,,,,,,,,,,,,
ORD00906,03-06-2025,Printer,Electronics,Neha Patel,West,9,7685.96,7320.06,10,365.9,0.047606285,,,,,,,,,,,,,,,,,
ORD00907,02-10-2025,Office Chair,Furniture,Ananya Iyer,East,8,7342.64,5112.72,0,2229.92,0.303694584,,,,,,,,,,,,,,,,,
ORD00908,26-04-2025,Desk,Furniture,Sneha Reddy,North,1,306.98,304.35,20,2.63,0.008567333,,,,,,,,,,,,,,,,,
ORD00909,29-09-2025,Water Bottle,Accessories,Meera Krishnan,West,2,1208.85,1191.9,10,16.95,0.014021591,,,,,,,,,,,,,,,,,
ORD00910,03-06-2025,Office Chair,Furniture,Arjun Rao,East,6,5607.85,4786.2,10,821.65,0.146517828,,,,,,,,,,,,,,,,,
ORD00911,10-12-2025,Office Chair,Furniture,Kiran Gupta,South,7,2986.33,2857.96,20,128.37,0.042985872,,,,,,,,,,,,,,,,,
ORD00912,05-12-2025,Laptop,Electronics,Meera Krishnan,East,9,8085.81,7776.72,20,309.09,0.038226226,,,,,,,,,,,,,,,,,
ORD00913,17-11-2025,Backpack,Accessories,Aarav Sharma,South,10,10701.84,8542.5,15,2159.34,0.201772779,,,,,,,,,,,,,,,,,
ORD00914,03-06-2025,Notebook,Stationery,Arjun Rao,West,8,1661.02,1250.16,5,410.86,0.247354035,,,,,,,,,,,,,,,,,
ORD00915,27-05-2025,Notebook,Stationery,Rahul Verma,East,2,1308.03,1275.18,15,32.85,0.025114103,,,,,,,,,,,,,,,,,
ORD00916,15-01-2025,Water Bottle,Accessories,Ananya Iyer,East,4,1910.77,1647.24,0,263.53,0.137918221,,,,,,,,,,,,,,,,,
ORD00917,19-01-2025,Printer,Electronics,Ananya Iyer,South,8,4868.12,4513.84,15,354.28,0.072775527,,,,,,,,,,,,,,,,,
ORD00918,01-04-2025,Desk,Furniture,Aarav Sharma,West,3,143.02,116.55,10,26.47,0.18507901,,,,,,,,,,,,,,,,,
ORD00919,02-06-2025,Laptop,Electronics,Priya Nair,West,1,1055.2,860.99,0,194.21,0.184050417,,,,,,,,,,,,,,,,,
ORD00920,20-10-2025,Notebook,Stationery,Kiran Gupta,North,2,914.41,805.86,5,108.55,0.118710425,,,,,,,,,,,,,,,,,
ORD00921,16-02-2025,Backpack,Accessories,Ananya Iyer,North,10,9127.23,9501.8,20,-374.57,-0.041038738,,,,,,,,,,,,,,,,,
ORD00922,01-05-2025,Notebook,Stationery,Arjun Rao,South,6,6049.84,5004.06,15,1045.78,0.17286077,,,,,,,,,,,,,,,,,
ORD00923,11-05-2025,Headphones,Electronics,Sneha Reddy,North,2,421.16,366.8,10,54.36,0.129072087,,,,,,,,,,,,,,,,,
ORD00924,05-08-2025,Printer,Electronics,Meera Krishnan,South,9,4205.56,3428.64,0,776.92,0.184736397,,,,,,,,,,,,,,,,,
ORD00925,11-01-2025,Desk,Furniture,Sneha Reddy,North,3,1424.69,1108.11,10,316.58,0.222209744,,,,,,,,,,,,,,,,,
ORD00926,25-12-2025,Laptop,Electronics,Neha Patel,North,4,1083.63,1041.8,15,41.83,0.038601737,,,,,,,,,,,,,,,,,
ORD00927,21-07-2025,Backpack,Accessories,Vikram Singh,East,4,3222.11,3436.28,15,-214.17,-0.066468867,,,,,,,,,,,,,,,,,
ORD00928,20-11-2025,Smartphone,Electronics,Neha Patel,West,4,1696.44,1217.8,5,478.64,0.282143783,,,,,,,,,,,,,,,,,
ORD00929,31-07-2025,Laptop,Electronics,Neha Patel,West,5,4751.84,4338.9,15,412.94,0.086901074,,,,,,,,,,,,,,,,,
ORD00930,04-08-2025,Smartphone,Electronics,Sneha Reddy,East,3,1896.65,2104.5,20,-207.85,-0.109587958,,,,,,,,,,,,,,,,,
ORD00931,25-11-2025,Printer,Electronics,Rahul Verma,North,1,981.79,764.36,5,217.43,0.221462838,,,,,,,,,,,,,,,,,
ORD00932,26-02-2025,Pen Set,Stationery,Rahul Verma,South,4,3026.8,2528.04,10,498.76,0.164781287,,,,,,,,,,,,,,,,,
ORD00933,13-06-2025,Backpack,Accessories,Meera Krishnan,West,3,3066.01,2545.47,15,520.54,0.169777659,,,,,,,,,,,,,,,,,
ORD00934,25-05-2025,Headphones,Electronics,Ananya Iyer,North,5,1040.07,908.7,20,131.37,0.126308806,,,,,,,,,,,,,,,,,
ORD00935,20-10-2025,Pen Set,Stationery,Ananya Iyer,North,6,1432.62,1140.42,15,292.2,0.203961972,,,,,,,,,,,,,,,,,
ORD00936,25-08-2025,Laptop,Electronics,Ananya Iyer,East,9,8137.17,5855.76,5,2281.41,0.280368973,,,,,,,,,,,,,,,,,
ORD00937,18-03-2025,Headphones,Electronics,Priya Nair,East,1,463.65,407.02,15,56.63,0.122139545,,,,,,,,,,,,,,,,,
ORD00938,21-08-2025,Headphones,Electronics,Meera Krishnan,North,10,1286.09,1261.8,20,24.29,0.018886703,,,,,,,,,,,,,,,,,
ORD00939,11-09-2025,Office Chair,Furniture,Arjun Rao,South,4,868.98,794.56,10,74.42,0.085640636,,,,,,,,,,,,,,,,,
ORD00940,07-04-2025,Pen Set,Stationery,Arjun Rao,South,4,3024.3,2416.32,10,607.98,0.201031644,,,,,,,,,,,,,,,,,
ORD00941,19-08-2025,Pen Set,Stationery,Ananya Iyer,East,3,124.1,115.47,10,8.63,0.069540693,,,,,,,,,,,,,,,,,
ORD00942,15-06-2025,Water Bottle,Accessories,Arjun Rao,South,8,744.08,759.04,15,-14.96,-0.020105365,,,,,,,,,,,,,,,,,
ORD00943,13-10-2025,Pen Set,Stationery,Aarav Sharma,North,7,5255.47,5171.18,10,84.29,0.016038527,,,,,,,,,,,,,,,,,
ORD00944,10-12-2025,Notebook,Stationery,Sneha Reddy,North,4,2569.35,1904.88,10,664.47,0.258614046,,,,,,,,,,,,,,,,,
ORD00945,22-07-2025,Laptop,Electronics,Neha Patel,South,5,2643.93,2547.5,15,96.43,0.036472221,,,,,,,,,,,,,,,,,
ORD00946,10-09-2025,Backpack,Accessories,Neha Patel,West,1,614.59,584.68,10,29.91,0.048666591,,,,,,,,,,,,,,,,,
ORD00947,14-05-2025,Headphones,Electronics,Priya Nair,East,2,660.3,648.28,20,12.02,0.018203847,,,,,,,,,,,,,,,,,
ORD00948,09-08-2025,Laptop,Electronics,Vikram Singh,East,3,1904.77,1512.66,10,392.11,0.205856875,,,,,,,,,,,,,,,,,
ORD00949,11-06-2025,Water Bottle,Accessories,Meera Krishnan,South,5,3231.27,2609,15,622.27,0.192577531,,,,,,,,,,,,,,,,,
ORD00950,04-04-2025,Backpack,Accessories,Aarav Sharma,West,8,534.49,501.52,5,32.97,0.061684971,,,,,,,,,,,,,,,,,
ORD00951,11-09-2025,Desk,Furniture,Aarav Sharma,West,3,2072.36,2126.7,15,-54.34,-0.026221313,,,,,,,,,,,,,,,,,
ORD00952,17-03-2025,Notebook,Stationery,Priya Nair,East,9,4295.08,4413.15,15,-118.07,-0.027489593,,,,,,,,,,,,,,,,,
ORD00953,18-09-2025,Smartphone,Electronics,Vikram Singh,South,4,4737.96,3477.96,5,1260,0.265937239,,,,,,,,,,,,,,,,,
ORD00954,09-02-2025,Water Bottle,Accessories,Ananya Iyer,West,1,497.74,530.76,20,-33.02,-0.066339856,,,,,,,,,,,,,,,,,
ORD00955,30-10-2025,Smartphone,Electronics,Priya Nair,East,6,269.39,214.2,0,55.19,0.204870262,,,,,,,,,,,,,,,,,
ORD00956,18-05-2025,Headphones,Electronics,Sneha Reddy,North,1,98.32,90.25,15,8.07,0.082078926,,,,,,,,,,,,,,,,,
ORD00957,19-10-2025,Notebook,Stationery,Rahul Verma,South,1,689.6,659.61,15,29.99,0.043488979,,,,,,,,,,,,,,,,,
ORD00958,08-10-2025,Laptop,Electronics,Sneha Reddy,West,5,2305.49,1649.7,0,655.79,0.284447124,,,,,,,,,,,,,,,,,
ORD00959,24-07-2025,Smartphone,Electronics,Priya Nair,North,7,2595.12,1838.27,5,756.85,0.291643546,,,,,,,,,,,,,,,,,
ORD00960,01-12-2025,Office Chair,Furniture,Rahul Verma,North,3,1221.6,1183.86,15,37.74,0.03089391,,,,,,,,,,,,,,,,,
ORD00961,05-11-2025,Desk,Furniture,Rahul Verma,East,8,8450.72,6424.72,10,2026,0.239742886,,,,,,,,,,,,,,,,,
ORD00962,18-07-2025,Smartphone,Electronics,Meera Krishnan,East,6,3373.62,3105.18,15,268.44,0.079570313,,,,,,,,,,,,,,,,,
ORD00963,11-11-2025,Water Bottle,Accessories,Rahul Verma,West,10,5192.13,4288.4,15,903.73,0.17405766,,,,,,,,,,,,,,,,,
ORD00964,13-12-2025,Pen Set,Stationery,Ananya Iyer,South,2,134.12,100.06,10,34.06,0.253951685,,,,,,,,,,,,,,,,,
ORD00965,28-08-2025,Printer,Electronics,Arjun Rao,North,9,5168.56,5699.34,20,-530.78,-0.102693981,,,,,,,,,,,,,,,,,
ORD00966,03-06-2025,Printer,Electronics,Ananya Iyer,West,5,1025.24,785.6,5,239.64,0.233740392,,,,,,,,,,,,,,,,,
ORD00967,20-09-2025,Desk,Furniture,Priya Nair,West,10,839.81,572.5,0,267.31,0.318298186,,,,,,,,,,,,,,,,,
ORD00968,01-07-2025,Pen Set,Stationery,Vikram Singh,North,2,1071.72,940.02,20,131.7,0.122886575,,,,,,,,,,,,,,,,,
ORD00969,04-04-2025,Backpack,Accessories,Arjun Rao,North,1,122.31,122.8,15,-0.49,-0.004006214,,,,,,,,,,,,,,,,,
ORD00970,21-08-2025,Smartphone,Electronics,Meera Krishnan,East,7,6779.09,6145.93,10,633.16,0.093398967,,,,,,,,,,,,,,,,,
ORD00971,06-11-2025,Notebook,Stationery,Vikram Singh,North,3,918.85,656.88,0,261.97,0.285106383,,,,,,,,,,,,,,,,,
ORD00972,29-03-2025,Pen Set,Stationery,Meera Krishnan,West,9,243.34,249.66,15,-6.32,-0.025971891,,,,,,,,,,,,,,,,,
ORD00973,12-11-2025,Pen Set,Stationery,Neha Patel,West,10,8836.05,7286.5,10,1549.55,0.175366821,,,,,,,,,,,,,,,,,
ORD00974,09-01-2025,Desk,Furniture,Ananya Iyer,North,2,314.88,267.68,0,47.2,0.149898374,,,,,,,,,,,,,,,,,
ORD00975,17-11-2025,Office Chair,Furniture,Kiran Gupta,South,8,6315.84,5217.12,5,1098.72,0.173962608,,,,,,,,,,,,,,,,,
ORD00976,12-01-2025,Smartphone,Electronics,Priya Nair,South,5,4729.07,3860.1,5,868.97,0.183750716,,,,,,,,,,,,,,,,,
ORD00977,19-08-2025,Headphones,Electronics,Sneha Reddy,South,8,7263.92,7713.84,15,-449.92,-0.061939008,,,,,,,,,,,,,,,,,
ORD00978,05-01-2025,Office Chair,Furniture,Priya Nair,West,5,2731.9,2868.7,15,-136.8,-0.050075039,,,,,,,,,,,,,,,,,
ORD00979,29-05-2025,Pen Set,Stationery,Aarav Sharma,West,8,6591.97,5917.68,20,674.29,0.102289604,,,,,,,,,,,,,,,,,
ORD00980,07-09-2025,Pen Set,Stationery,Ananya Iyer,North,8,4889.05,4145.76,20,743.29,0.152031581,,,,,,,,,,,,,,,,,
ORD00981,18-05-2025,Backpack,Accessories,Arjun Rao,West,1,508.7,427.78,10,80.92,0.159072145,,,,,,,,,,,,,,,,,
ORD00982,12-08-2025,Smartphone,Electronics,Aarav Sharma,South,8,5770.53,5011.76,10,758.77,0.131490522,,,,,,,,,,,,,,,,,
ORD00983,23-04-2025,Desk,Furniture,Sneha Reddy,East,4,1924.61,1898.2,15,26.41,0.013722261,,,,,,,,,,,,,,,,,
ORD00984,19-07-2025,Water Bottle,Accessories,Arjun Rao,East,8,1398.81,1118.8,10,280.01,0.200177294,,,,,,,,,,,,,,,,,
ORD00985,14-02-2025,Printer,Electronics,Meera Krishnan,South,3,2324.77,1876.86,10,447.91,0.192668522,,,,,,,,,,,,,,,,,
ORD00986,01-08-2025,Headphones,Electronics,Meera Krishnan,East,4,638.77,659,15,-20.23,-0.031670241,,,,,,,,,,,,,,,,,
ORD00987,14-05-2025,Office Chair,Furniture,Neha Patel,South,4,2791.74,2245.04,0,546.7,0.195827692,,,,,,,,,,,,,,,,,
ORD00988,28-02-2025,Headphones,Electronics,Sneha Reddy,South,9,462.97,374.85,0,88.12,0.190336307,,,,,,,,,,,,,,,,,
ORD00989,01-07-2025,Smartphone,Electronics,Aarav Sharma,East,9,2812.22,2086.65,10,725.57,0.25800613,,,,,,,,,,,,,,,,,
ORD00990,13-08-2025,Headphones,Electronics,Meera Krishnan,North,9,7568.49,5474.25,0,2094.24,0.276705129,,,,,,,,,,,,,,,,,
ORD00991,22-01-2025,Smartphone,Electronics,Kiran Gupta,North,10,8770.5,6135.6,0,2634.9,0.30042757,,,,,,,,,,,,,,,,,
ORD00992,30-05-2025,Headphones,Electronics,Meera Krishnan,West,2,1825.49,1744.32,10,81.17,0.044464774,,,,,,,,,,,,,,,,,
ORD00993,04-03-2025,Smartphone,Electronics,Ananya Iyer,West,3,2507.94,1951.86,10,556.08,0.221727793,,,,,,,,,,,,,,,,,
ORD00994,16-09-2025,Pen Set,Stationery,Rahul Verma,North,1,265.77,252.86,15,12.91,0.048575836,,,,,,,,,,,,,,,,,
ORD00995,07-12-2025,Desk,Furniture,Ananya Iyer,South,6,4556.54,4308.3,15,248.24,0.054479934,,,,,,,,,,,,,,,,,
ORD00996,31-07-2025,Backpack,Accessories,Arjun Rao,West,7,7457.45,5525.38,5,1932.07,0.259079176,,,,,,,,,,,,,,,,,
ORD00997,06-01-2025,Backpack,Accessories,Kiran Gupta,North,6,5577.97,5665.8,15,-87.83,-0.015745872,,,,,,,,,,,,,,,,,
ORD00998,21-07-2025,Smartphone,Electronics,Aarav Sharma,South,6,2335.15,1929.96,5,405.19,0.173517761,,,,,,,,,,,,,,,,,
ORD00999,03-08-2025,Water Bottle,Accessories,Arjun Rao,East,1,1165,977.96,20,187.04,0.160549356,,,,,,,,,,,,,,,,,
ORD01000,09-11-2025,Notebook,Stationery,Rahul Verma,West,6,140.5,106.92,10,33.58,0.239003559,,,,,,,,,,,,,,,,,
,,,,,,,,,,,,,,,,,,,,,,,,,,,,
,,,,,,,,,,,,,,,,,,,,,,,,,,,,
,,,,,,,,,,,,,,,,,,,,,,,,,,,,
,,,,,,,,,,,,,,,,,,,,,,,,,,,,
,,,,,,,,,,,,,,,,,,,,,,,,,,,,
,,,,,,,,,,,,,,,,,,,,,,,,,,,,
,,,,,,,,,,,,,,,,,,,,,,,,,,,,
,,,,,,,,,,,,,,,,,,,,,,,,,,,,
,,,,,,,,,,,,,,,,,,,,,,,,,,,,
,,,,,,,,,,,,,,,,,,,,,,,,,,,,
,,,,,,,,,,,,,,,,,,,,,,,,,,,,
,,,,,,,,,,0,,,,,,,,,,,,,,,,,,
